Adulterant,Adulteration,frequency_shift,sensitivity,S11,q_factor
Soy Refined Oil,20,1.377762397639060,0.2031890218468940,-8.860479353899930,51.05257642403260
Soy Refined Oil,30,1.501596636244310,0.2484048349834290,-8.488889086694010,51.86103543198330
Soy Refined Oil,50,1.694979120638280,0.3483613288350520,-8.2381648465773,77.434904790236
Palm Oil,15,1.358340222193260,0.1833246185712120,-9.396699573179330,41.85080715320130
Palm Oil,10,1.29719563005286,0.1496680659993350,-9.874538261721680,34.10808996454550
Soy Refined Oil,40,1.616450898242060,0.2877915635002900,-7.895568202497620,52.20164938060110
Olive Oil,20,1.404372766321080,0.2088176103894860,-9.504542671432550,38.08352893231560
Olive Oil,25,1.459216326002970,0.2258592347163080,-9.504978641108300,53.60751231179320
Palm Oil,5,1.24912926395053,0.1222469908975360,-10.53153339729330,30.02184503931490
Soy Refined Oil,15,1.370619990449920,0.184312801191162,-9.66960876161132,40.45393812074390
Soy Refined Oil,45,1.61983693420905,0.3359964697578480,-7.838866060635330,63.9480834565685
Palm Oil,15,1.318516894261120,0.1813795294322490,-10.27221151091000,47.34740443098470
Soy Refined Oil,15,1.357227912110170,0.1903803656646600,-9.267913019554980,49.82321827907000
Palm Oil,50,1.701740941364760,0.3470099264953410,-7.454119611732250,60.06215542699550
Olive Oil,25,1.43931167092653,0.2100494612918570,-9.14462916434896,53.71855641885610
Soy Refined Oil,15,1.360028966630500,0.1865818665293200,-9.12144156497186,43.57256447931590
Olive Oil,50,1.69344749633444,0.3413840194575170,-7.62909239926817,72.30477807710150
Soy Refined Oil,45,1.655922405541290,0.3276105527217990,-7.74744327167877,64.82706433312430
Palm Oil,25,1.428074684094370,0.2341488432192600,-9.083030310115210,47.43106254245880
Palm Oil,20,1.405151007814460,0.1992555408423380,-9.959385607649520,45.86743062275390
Palm Oil,40,1.602046953650990,0.2956739071945200,-8.329591151218240,62.01968652215700
Palm Oil,5,1.278670309745800,0.135657937085493,-10.99937957081940,41.40164280586080
Olive Oil,35,1.5728564562903,0.2825193303268680,-7.854484026478480,53.4530627260263
Palm Oil,20,1.399091946894260,0.2021693672616230,-8.7437881338142,48.71744345621220
Palm Oil,30,1.515793456095010,0.2543148946326300,-9.048376149288600,50.58849218039860
Olive Oil,15,1.33927679799642,0.1859652885649490,-9.035993579505290,29.65150567466200
Palm Oil,45,1.642865099484640,0.3305612179853400,-7.228069694540670,68.63224080667350
Palm Oil,20,1.367850335308780,0.2018463385853230,-8.870058602875790,49.90911435888660
Palm Oil,45,1.67598793628529,0.3163285384395050,-7.441179577244430,72.08535398490060
Soy Refined Oil,5,1.255861449465970,0.1178564858197360,-8.817112744427620,36.36916460455890
Palm Oil,45,1.623398518689700,0.3247471237442890,-7.07841589385161,62.32726175026240
Soy Refined Oil,5,1.258362370439110,0.1061347195421440,-8.61332742099126,34.73487325228610
Olive Oil,30,1.499771131050610,0.2541335408762370,-8.570449277233680,58.36080929676730
Palm Oil,5,1.244706863335240,0.1522016916658960,-9.437166326117500,29.71421221791860
Soy Refined Oil,20,1.4008396012894,0.1986272818290220,-9.06206619444083,49.70170408973870
Palm Oil,15,1.331009619096420,0.1690310266843730,-9.305601999905130,33.25465282914190
Olive Oil,45,1.671926595790820,0.3216458897592920,-7.43244372454901,60.59899564979760
Soy Refined Oil,10,1.282895189622400,0.1397293824106440,-9.058581169745300,35.75347806952110
Palm Oil,30,1.472446612640860,0.2406217496008490,-8.24248236639567,56.56892975456110
Palm Oil,40,1.600478636289320,0.308719139888124,-7.281321835833240,62.03653186370320
Palm Oil,40,1.619080035269860,0.306513912513058,-8.157634622320170,65.79484610246630
Olive Oil,10,1.337790953122530,0.1432419526577860,-9.956706268661210,35.72483413006220
Olive Oil,30,1.491709363892200,0.2508019871254080,-8.946560136814610,52.32591376302630
Palm Oil,40,1.585693925814800,0.3067959774893470,-8.365183315858570,63.08229294790990
Palm Oil,20,1.433275395788970,0.1926076356854490,-9.053597237580560,43.56891357123440
Soy Refined Oil,50,1.684563618444870,0.3666130173060820,-7.667123545575180,68.41076546744710
Olive Oil,30,1.518907633801750,0.2626640685537290,-8.311351867269800,62.25675493239750
Olive Oil,35,1.551731316290450,0.2690711726753970,-8.590002167058970,56.68297077566360
Soy Refined Oil,5,1.2639818476372,0.1309989663371100,-9.990624066911750,23.53102997982470
Palm Oil,35,1.543512091048650,0.2802460900063050,-6.656483330963520,58.4208176050396
Palm Oil,20,1.411355367355150,0.2014818173137920,-8.413782108803880,48.65700005480170
Olive Oil,15,1.337697326444570,0.1961131764161630,-8.906575743617020,42.35486207819870
Soy Refined Oil,5,1.255619837354700,0.1187730048017940,-9.854061125178640,31.53499532670580
Olive Oil,50,1.687555256701870,0.3464451135908360,-7.023994453076650,77.26275123731190
Palm Oil,40,1.616257242376780,0.3062962884192360,-8.414497505461040,59.19909479901520
Palm Oil,40,1.564246567761360,0.2877942989571820,-8.334601364090610,67.80968658873390
Olive Oil,25,1.465289564706510,0.213888361872559,-9.181307560782770,53.95296994712070
Olive Oil,5,1.24348053718037,0.1575398512608760,-10.5224994742985,29.78632451756540
Soy Refined Oil,5,1.241774188186800,0.1348402354456310,-9.698215957778830,35.33818007081560
Soy Refined Oil,50,1.683635586335330,0.3709238727568550,-8.003008690749850,63.92905693606130
Soy Refined Oil,25,1.465413566590460,0.2316705610346980,-9.099573289045960,49.95591476877100
Soy Refined Oil,50,1.719502394668360,0.3485294261849790,-7.912748598396260,68.39307079173500
Palm Oil,50,1.701801451739630,0.3508273043580050,-7.629208867908720,75.91741160070500
Olive Oil,45,1.66118218405229,0.3337254159143050,-7.172822830795540,63.61309134712340
Soy Refined Oil,35,1.535631115574950,0.2728655284828820,-8.094546217201000,65.37678108474780
Soy Refined Oil,50,1.693953515158470,0.349954371710097,-7.841171300560080,69.75902257232090
Palm Oil,45,1.666803423185570,0.3363334202506910,-8.019872679662300,58.90019183504160
Palm Oil,45,1.643135975267380,0.3295767645442880,-7.715173667740560,70.91752153179230
Soy Refined Oil,25,1.466871480455610,0.2143367852176000,-9.1009067212638,45.16444472699520
Palm Oil,25,1.432055273372770,0.2402582995725080,-8.566545291451510,51.0474843131618
Olive Oil,40,1.582488764239360,0.297651516664107,-8.493614603836460,59.54418235625270
Olive Oil,40,1.62065200808036,0.2818986867500400,-8.95635325853211,63.81238229402650
Palm Oil,15,1.364839260330590,0.1897665862542960,-8.89987852331879,41.33850278028770
Olive Oil,25,1.448527777684160,0.2221777881101280,-8.602261237788410,44.51327065716670
Soy Refined Oil,45,1.647709203094950,0.3373781631197350,-8.547213829397180,63.00312488523110
Soy Refined Oil,30,1.50684913836015,0.2691152960650940,-8.340231210565640,54.96639030924690
Soy Refined Oil,25,1.468483047661710,0.233128564642381,-9.425360976470750,46.81382233962060
Palm Oil,5,1.252405912634240,0.1301443883405880,-9.394192560955550,28.37678954081070
Olive Oil,40,1.599967280667120,0.2957396766143560,-7.36226837567319,61.54216969675080
Olive Oil,5,1.29121495849764,0.142553408424432,-9.874482074239540,38.85785475477180
Soy Refined Oil,35,1.562907518991700,0.2886863155753240,-8.732461730290050,61.4302572999922
Olive Oil,10,1.321168489736990,0.1324126051357690,-10.09162925633290,27.8038391111995
Soy Refined Oil,10,1.304002688383470,0.1282913417186960,-9.743357248021380,44.67222820432070
Soy Refined Oil,50,1.665932351212900,0.3494445230110340,-7.307967275530350,69.83652625952950
Palm Oil,10,1.322453553695960,0.13558804239504,-9.561455653275730,37.62348172622440
Palm Oil,35,1.557331964921940,0.2656012021367260,-8.506933458668350,52.70393239055530
Soy Refined Oil,15,1.359355590924150,0.1751506438157900,-9.932832393241830,44.52053429845270
Palm Oil,25,1.424394177435300,0.21198396674258,-8.724578715431920,47.5567995730596
Palm Oil,45,1.665720679114240,0.3221285990257660,-7.937330664178070,61.9066150734071
Soy Refined Oil,45,1.649167479314260,0.3159988434192610,-7.68874725083024,75.8673044580128
Soy Refined Oil,5,1.26702708529201,0.1187963627746450,-10.11820608612880,36.89752200774930
Soy Refined Oil,40,1.647482834868010,0.2968927573538280,-8.313262091344270,51.03934971879010
Palm Oil,50,1.711531139261120,0.3531125015454350,-5.960559595772380,75.59787455717290
Palm Oil,10,1.330475748203880,0.1254325294313650,-9.90525292348961,33.47729058106460
Palm Oil,50,1.723791995625700,0.3522333615869640,-7.462367027035410,65.62495666270960
Palm Oil,5,1.243004324780860,0.1038930047884980,-9.078450590946140,27.46171465908120
Olive Oil,20,1.447486588069850,0.210145326926873,-9.220252279436760,53.9101909148189
Soy Refined Oil,50,1.682487634932310,0.3361720026903570,-7.03691122623418,79.54708320235070
Soy Refined Oil,30,1.472028648523620,0.2556296923669060,-8.825321284560910,51.56437308117650
Soy Refined Oil,40,1.549944809566760,0.3068464220155520,-7.804873365508430,61.57545583752080
Soy Refined Oil,30,1.499824188873930,0.254514111986475,-8.092074189755450,56.83377963459410
Olive Oil,40,1.624839411960200,0.2991423683076720,-8.454846475074230,65.19311824918820
Palm Oil,5,1.2195141893366,0.1329773631457860,-10.31957086429490,35.33871332851630
Palm Oil,15,1.347028971899860,0.1709253986236470,-9.550984339448190,45.8012554731768
Palm Oil,45,1.660596083558310,0.339415686206579,-8.985822250063650,62.01552372264760
Olive Oil,5,1.259030318840380,0.1314380260170430,-9.408019181262780,33.27737957323050
Soy Refined Oil,45,1.639831880902130,0.3125815948329450,-7.658244088456130,67.76578811611330
Palm Oil,40,1.610638337844380,0.3069635112665250,-7.741937635711160,64.37746820724590
Palm Oil,25,1.463067994758300,0.2120887561105130,-8.887022178615520,53.04056945609170
Olive Oil,45,1.639984272351650,0.3440701890191060,-7.47373342382628,67.47775225489580
Palm Oil,30,1.453472965730010,0.2651080321811450,-9.430454940427320,58.98470034139200
Soy Refined Oil,35,1.535057842221200,0.2755491929865230,-8.128992427966100,50.34760628406370
Olive Oil,30,1.524294441193730,0.2411913635551170,-8.940939447522030,56.5630248618811
Soy Refined Oil,5,1.269318440159190,0.125820548711528,-9.993697511960570,36.01910279339650
Palm Oil,25,1.440062819346550,0.2288784488153050,-8.420647437145120,45.45421191457440
Palm Oil,50,1.720750798885160,0.3448998360114530,-7.634937467646690,65.10618142108850
Palm Oil,40,1.591451841151010,0.29447354226653,-7.518074840642320,66.86778723760060
Soy Refined Oil,15,1.358268698064470,0.1937679581255810,-9.636894599551790,35.77672648344290
Soy Refined Oil,50,1.676444289170150,0.3431973841280610,-8.339729641000900,66.97468462004050
Soy Refined Oil,50,1.703610616836110,0.3764357158339860,-7.601423109835080,70.2345771747513
Soy Refined Oil,20,1.387947043893890,0.213018491681601,-9.313709442188740,43.52305378534380
Olive Oil,35,1.60077382203475,0.280239526671078,-8.544043413157280,57.33299571054230
Palm Oil,50,1.679757912494800,0.3334514332813420,-7.088414708019040,70.36658983594200
Olive Oil,35,1.575402510931510,0.2668152578295760,-9.001382508815300,56.69632417554090
Soy Refined Oil,15,1.359433762103960,0.1597023569682720,-8.730586927444040,38.50891985842320
Soy Refined Oil,30,1.48655064301259,0.2434489023280910,-8.27730058779413,54.07105944408100
Palm Oil,5,1.272146477924870,0.1267595665722120,-10.41981424909690,34.74445113826110
Soy Refined Oil,5,1.232582707047070,0.1088803882034990,-9.075147686344650,32.35191329096800
Olive Oil,5,1.24934493459568,0.1195657522886620,-10.10642289133860,34.53215113845950
Olive Oil,15,1.377771645380810,0.1484064864295060,-10.28918832745950,35.79679961156210
Olive Oil,15,1.343146248118390,0.1712855913400420,-9.953755847358910,38.11091656204560
Olive Oil,10,1.29276218057534,0.1493041017708700,-9.257342001719770,34.13666428863260
Palm Oil,40,1.614433441280870,0.2887094822878280,-8.262260133139890,64.4468728061396
Palm Oil,40,1.595193492036840,0.2962517919245040,-7.644520015898250,64.2213165574302
Soy Refined Oil,20,1.366134676505800,0.1909946711481290,-8.884528021805920,42.42012096536900
Palm Oil,35,1.556606381364850,0.2837000990756410,-7.986308142153760,59.30968805553410
Palm Oil,20,1.420102043245990,0.1949256271409200,-9.1646654991599,45.51586981303300
Palm Oil,25,1.474933894730590,0.2033012231295910,-9.626734708125330,47.27538882520550
Olive Oil,30,1.492899353447070,0.2525747323458270,-8.35776370541523,54.19275757675450
Soy Refined Oil,5,1.295569574563770,0.09715995771197980,-9.315129779885790,39.28562466678150
Palm Oil,35,1.562347796194410,0.2629983000359840,-8.772247373199940,56.88802640056080
Palm Oil,10,1.267408140280470,0.155518636553095,-8.497212977180020,41.58795789896530
Olive Oil,35,1.532024001835150,0.2659036610251000,-8.70328933650952,62.22221175514680
Palm Oil,45,1.705215238714520,0.3228431447309880,-7.911632644648030,71.71532951444960
Olive Oil,50,1.662904283916810,0.3401041694242530,-7.426396085315200,68.8872926391443
Palm Oil,25,1.445499881932590,0.2370759217043030,-8.634756392698250,52.16154365595390
Soy Refined Oil,30,1.541626293135300,0.2469544636151270,-8.45233959652614,54.89518398274480
Palm Oil,50,1.688487243475240,0.3512200981464540,-6.219957730865600,69.51970050137680
Olive Oil,45,1.642956540328010,0.3274252042561250,-7.660077290635970,64.32573863811940
Palm Oil,40,1.568840953646470,0.2959961863981670,-7.750131189943950,64.66297554685280
Soy Refined Oil,30,1.464742661422580,0.2614413520261640,-9.159673944568700,52.86877390495660
Olive Oil,40,1.613832413619020,0.3128614845510650,-7.597598410633100,66.65126672976770
Olive Oil,40,1.598596685770830,0.2833903906648400,-7.785190890433710,63.03843843581560
Soy Refined Oil,50,1.716369694692770,0.35133847654246,-7.276680134241460,68.93363812017100
Olive Oil,35,1.563137667324490,0.2829164914792280,-8.283438162238630,54.68187024308960
Soy Refined Oil,50,1.726957115626580,0.3629740611486260,-7.048872663305410,59.94040998398110
Palm Oil,10,1.301593157150550,0.1601331603605540,-10.54000878042350,31.57929557955020
Soy Refined Oil,40,1.628939557687080,0.3019655477651160,-7.484077730265680,54.57219813481510
Palm Oil,50,1.695637922032520,0.3599585752871850,-7.371919270783090,69.90059194855570
Soy Refined Oil,35,1.541246686603950,0.2631366490477860,-6.951147678382810,54.74814527964990
Soy Refined Oil,45,1.641089949571980,0.339533844771177,-6.960213927134640,63.38569986423370
Olive Oil,5,1.243992790238230,0.1169521308333970,-10.25305794654180,28.74544021085910
Olive Oil,25,1.449306302252260,0.2273421473253650,-7.974749753592960,45.00822979630610
Soy Refined Oil,50,1.687028962878810,0.3580185733204020,-7.362997107457220,70.2515326137766
Soy Refined Oil,40,1.646194455108120,0.2933610308645330,-7.416448542808180,70.10554278893860
Palm Oil,50,1.697435769478100,0.3449886003272140,-7.265718253314240,72.54094888746060
Olive Oil,35,1.578410084959800,0.2692925370625050,-8.666177786552120,60.35707778193200
Soy Refined Oil,30,1.527565495726710,0.2568358574520110,-8.566529042335530,59.62839392184820
Soy Refined Oil,45,1.648619549700080,0.3231242133572980,-7.687422651468560,67.1482258846899
Olive Oil,40,1.595290865555910,0.3010212892087100,-7.724466127262050,62.19438803961470
Palm Oil,25,1.450865433894890,0.2353047342043580,-8.674315262714810,54.31398492895240
Olive Oil,40,1.567212074646720,0.3046254855264750,-7.879988631157480,63.52777160188630
Palm Oil,45,1.626622074685170,0.3175748564914310,-8.214134725708230,68.97184404461590
Palm Oil,50,1.720804118564470,0.3490524662642160,-7.385186034918170,69.23764322447450
Olive Oil,20,1.431346157332780,0.2034310908295180,-9.391047842636240,42.92490994330100
Palm Oil,5,1.230176393807800,0.1265440727696170,-9.8605986658629,34.94860441779030
Soy Refined Oil,35,1.560760447095940,0.2754795405028310,-7.645509027946770,50.79252875968190
Olive Oil,25,1.441071327708990,0.2269408999289830,-8.213184125070110,44.8674235029447
Olive Oil,5,1.213800821980390,0.1346501496106320,-9.990065933847930,34.63901348683390
Olive Oil,20,1.422073338850520,0.2172541627505550,-9.314535986034720,45.15722062968620
Palm Oil,30,1.522732095434090,0.2454303267642260,-8.556495890934040,47.87532474905520
Palm Oil,15,1.325402612435180,0.1732225967851260,-8.925681832639520,46.93654449628310
Olive Oil,20,1.374393912026580,0.2087245732828010,-8.67489941102067,45.50412068110310
Palm Oil,20,1.369489496581510,0.1930809193011880,-9.022793008177750,47.21669724661350
Olive Oil,10,1.274969211516190,0.1644376460407330,-9.541075589196280,43.58647915794060
Olive Oil,45,1.656854506927550,0.3295675321915380,-7.465116359883900,68.23854280008660
Soy Refined Oil,15,1.33700053576273,0.1843722362153490,-9.330812872731240,35.29362664490860
Olive Oil,35,1.557499558766790,0.2674260048310170,-8.929135598361680,56.41951065781740
Palm Oil,30,1.468171907050070,0.2556470106253620,-8.817302517646680,58.97876118340680
Palm Oil,5,1.240953873615020,0.1007612067337100,-10.54195141174290,37.80207328072150
Palm Oil,45,1.657442627821860,0.3297887216393180,-7.762088488549070,63.14497640180210
Palm Oil,5,1.25325524157848,0.1158820551124860,-9.757018554671560,32.08408741006960
Palm Oil,50,1.70125005466499,0.3421952599367470,-7.73555408615135,75.37562137608640
Soy Refined Oil,10,1.318386057394160,0.1555252408525840,-9.449117963506190,36.62984092876030
Soy Refined Oil,15,1.354211359552570,0.1838029624925330,-8.512073359756360,49.61842099720300
Palm Oil,10,1.325303945032470,0.1555935920872830,-9.667706071847100,50.06696957558570
Soy Refined Oil,20,1.443117698176490,0.211722392467584,-9.050411495092600,53.4928241943254
Soy Refined Oil,45,1.645561750944130,0.3128548104435070,-7.424859212520150,73.83676500979710
Palm Oil,45,1.643593053836110,0.3292416594640190,-7.488582255982250,63.1314999803071
Soy Refined Oil,15,1.323775579796500,0.1869844495283170,-9.494849737264160,57.47024507810480
Olive Oil,15,1.339954885676120,0.1771159497038040,-8.704476948917670,41.44633285459650
Soy Refined Oil,50,1.690336270754010,0.3657398676329000,-8.112882831501170,62.6781255989509
Olive Oil,5,1.301871430077180,0.1291221840224390,-9.791425457402950,32.13417408893400
Olive Oil,10,1.311995677119300,0.1613354677450270,-10.13861023296150,30.25610088743890
Olive Oil,40,1.59020921112617,0.3062255633334260,-8.238150320484410,68.94156350716900
Olive Oil,35,1.522288298270350,0.2894431158371240,-9.554920896491450,59.89284434047460
Olive Oil,45,1.660872003091890,0.321293856679139,-7.364150644675830,51.75728689684960
Palm Oil,20,1.376888639037890,0.2031922334219560,-8.812859972211350,45.56577611434900
Olive Oil,15,1.324106370485580,0.1866082678737850,-9.483850600655950,43.73251940865360
Palm Oil,35,1.518882026990200,0.2722760402950020,-9.297578761339990,59.27086946123100
Olive Oil,45,1.618868362026810,0.3207188483903410,-6.999620104682850,70.25110871056750
Olive Oil,20,1.428090867480220,0.1839445659335890,-8.748092152205220,35.23060377644210
Palm Oil,5,1.240645744557180,0.1429114378686260,-9.663045979171750,39.44718354680220
Soy Refined Oil,20,1.398567974811720,0.1996277776349020,-8.63618522818151,46.2597294290365
Palm Oil,5,1.247381680544610,0.1146504513546790,-9.84499719359119,36.24195146807930
Palm Oil,15,1.368326553494050,0.1784648847589800,-8.750994945070170,27.51872310903160
Olive Oil,35,1.53257732471925,0.2790339002335410,-8.719233955102920,61.22134079754650
Soy Refined Oil,40,1.587524620786080,0.3191403135386680,-8.095341200381670,63.08716436589860
Olive Oil,5,1.249382247288570,0.1450340726718210,-9.268517235442940,35.53810377725530
Palm Oil,40,1.612360574219670,0.3014103665582260,-7.747030081733140,66.95176705518750
Palm Oil,50,1.680199475273880,0.345599926090046,-8.306734330134200,74.65504732163930
Palm Oil,45,1.644760671273630,0.3199232021753430,-7.598800577880890,62.07323428743970
Olive Oil,20,1.420938402553,0.2056995030534140,-8.639266863107460,49.17698466107450
Soy Refined Oil,5,1.252409999175790,0.1147132566687090,-10.38901129171820,25.78129642205970
Palm Oil,15,1.330172153010870,0.1534660988639630,-9.569480873844750,35.38455103296250
Olive Oil,50,1.676230265561470,0.3531207941881970,-6.865411408728440,73.48868564074730
Palm Oil,15,1.362447937410470,0.1755840147210270,-9.205195920036200,36.09303008350600
Soy Refined Oil,20,1.42768545637021,0.2056390912005240,-8.702622829167360,50.26707779390150
Soy Refined Oil,25,1.465178571795740,0.2278119142396940,-8.697899448024060,49.68703436050240
Soy Refined Oil,20,1.39622206624431,0.2055307327644050,-9.016843263454360,41.24825908449130
Palm Oil,20,1.410448372265650,0.2020684385199650,-7.772111900218720,50.89446769956360
Olive Oil,20,1.385662675592850,0.2155867991008900,-9.529319674698540,46.31582729653590
Olive Oil,35,1.586932530016610,0.2772228271745830,-8.169761896500580,53.31385975583090
Olive Oil,40,1.599607244021470,0.3055248995441720,-7.888042932967670,68.82070214986920
Palm Oil,50,1.704949955936740,0.3725045476781630,-6.837365474480830,72.11006580353480
Soy Refined Oil,50,1.690741018691490,0.3391858037125460,-7.411744361918630,71.32701914174270
Palm Oil,50,1.682854511605170,0.3394170039504090,-7.153650337002890,72.28771318099040
Soy Refined Oil,50,1.711733564170600,0.3568100623874160,-7.62240012090315,64.36247831129700
Palm Oil,5,1.262675537618640,0.129137990974515,-9.842643829438850,33.35089650133290
Palm Oil,15,1.369277582335900,0.1971052300159140,-9.528745892503920,35.15098510210460
Palm Oil,45,1.656287669881100,0.3249791620257980,-7.542729092810110,62.13847987336760
Soy Refined Oil,50,1.733554016281530,0.3444641175829200,-7.215508460407360,78.14198311564270
Soy Refined Oil,20,1.388366381721030,0.1898524326930710,-9.324638772533000,39.88029866618870
Palm Oil,5,1.25986766600823,0.1346540797443540,-9.651916227210640,30.99056394399380
Olive Oil,40,1.609252526707620,0.321178559496259,-8.586301628430660,55.83265949359950
Olive Oil,10,1.333451447736750,0.1541901900936610,-9.852505927879200,37.72115461171150
Olive Oil,20,1.402209810773990,0.2037796145993690,-9.3379931364872,48.61388975232950
Olive Oil,45,1.603288545516670,0.32000702760428,-8.126649112169280,69.946578059273
Olive Oil,25,1.445268392985420,0.221036061649522,-8.53741057886265,51.67828994824450
Palm Oil,30,1.494183878397120,0.2459217691393150,-9.078374835168030,46.31076337035560
Olive Oil,45,1.613275892537930,0.3300799132691250,-8.301683303086940,55.23554703523760
Olive Oil,35,1.558980219268380,0.2696949237706180,-7.405154793320640,67.46518206955830
Olive Oil,5,1.251636587170950,0.1240111034680890,-9.290461758506120,32.54862727905680
Olive Oil,30,1.492772284656360,0.2454989886630980,-8.773130085515450,58.90534326837350
Soy Refined Oil,10,1.29131779641008,0.1445622056677670,-9.456342512995720,40.73345802885660
Olive Oil,45,1.63555637384146,0.3512921263130030,-7.293812693018570,58.01144040113300
Palm Oil,30,1.489674879681260,0.259317760974087,-8.899769460616340,55.75773979412940
Palm Oil,10,1.26837484858161,0.1503611017533010,-9.37906664924323,33.1523805524001
Soy Refined Oil,20,1.381213292123630,0.1985591244427840,-9.604847371420550,48.99964364998100
Olive Oil,10,1.2806696594813,0.1541719046438260,-9.84433337748147,37.68671521898780
Soy Refined Oil,10,1.302973349144040,0.1466291402888200,-9.80670133177047,36.48765156755940
Palm Oil,20,1.374512625072410,0.2062607642550780,-9.366376814845000,42.49164044987960
Palm Oil,20,1.419010760158570,0.204253290604766,-8.561460615324710,49.3678257159335
Soy Refined Oil,15,1.326597739478810,0.1569801956242000,-8.979268635897610,45.79577580151320
Olive Oil,25,1.449402190521950,0.2232568629496530,-8.945782403164900,49.92403435615010
Soy Refined Oil,25,1.43907511103495,0.2289180400540260,-9.489455784387070,50.91679959889580
Palm Oil,50,1.680117875339160,0.3496906100284440,-8.480079004146920,80.30279308308030
Soy Refined Oil,25,1.426138800901800,0.2245991148734350,-8.165891139091570,45.68547330624750
Soy Refined Oil,45,1.670238066236540,0.3282105233333220,-7.502702125839450,65.41671395083860
Palm Oil,45,1.655828998464240,0.3176931803619620,-7.848902342948250,64.10121330009880
Olive Oil,50,1.716178584009430,0.3428954745016510,-7.509174510452050,76.55891950103790
Soy Refined Oil,30,1.526034825787980,0.2656151119672690,-8.483997925467120,50.23291064826910
Soy Refined Oil,25,1.45177293394796,0.2422212860568500,-8.864491430745120,50.45021418826640
Palm Oil,35,1.542693568973760,0.2768468030586490,-8.923563144764850,53.14192980744670
Soy Refined Oil,20,1.413605307585910,0.2115781484202400,-9.22570482880032,43.8197325617506
Palm Oil,25,1.47371408309326,0.2321895331066510,-8.251976157097090,46.21602455715270
Palm Oil,45,1.62494821975269,0.3199753751308940,-7.609410218865270,61.37189575112820
Olive Oil,45,1.659117755441630,0.3466500234490110,-8.071759115190070,70.63920064040620
Olive Oil,30,1.516632566153290,0.2497232933240570,-7.318183278162310,56.10679784024500
Olive Oil,50,1.7111364168155,0.3478962984143900,-7.797388127277830,63.59351163261570
Soy Refined Oil,50,1.711588851457350,0.3514769932522680,-7.741905565770550,68.3427185113768
Soy Refined Oil,5,1.223188936399920,0.134130002202743,-9.597936914665100,35.32949239906920
Palm Oil,45,1.692578931114910,0.3318867802368540,-7.563752145105,73.99561167574690
Soy Refined Oil,30,1.483430744620650,0.2590934001810540,-7.635054422740080,55.50096081300100
Olive Oil,25,1.46625378851288,0.2307791051379150,-8.734760574867170,42.54031926764310
Palm Oil,30,1.546008201708940,0.2607543306310500,-9.449588193957730,54.39214699509320
Soy Refined Oil,35,1.565066832422090,0.2788115838488280,-7.605123622958630,61.36590675634980
Soy Refined Oil,40,1.594990639220160,0.2998037651418950,-7.585772742152450,57.3664344875391
Palm Oil,20,1.395819534854280,0.191494795457907,-9.290261724902360,48.94289202210310
Olive Oil,25,1.464396745817430,0.2394650393594660,-9.007320774609070,44.448883067452
Palm Oil,45,1.647319656666540,0.325146881947292,-8.14244915654112,69.2414021692193
Olive Oil,25,1.421002868690380,0.2139369181877170,-8.977094779155760,45.89828087734650
Soy Refined Oil,25,1.444248179611000,0.2155841048264940,-8.144630230530460,53.09518599143150
Olive Oil,15,1.357878239464720,0.1662497459234380,-9.45809700136507,36.09608968674830
Palm Oil,35,1.550580935447640,0.2857531413935940,-8.51884484871393,59.51722375462020
Olive Oil,35,1.545116003296150,0.276108210951338,-6.993796211710840,56.30570164950320
Soy Refined Oil,15,1.333636022331550,0.1749662554258910,-9.335092311262460,39.73385975336360
Olive Oil,50,1.718956516056740,0.3568203445004390,-8.886781431456720,74.0046831981473
Olive Oil,35,1.532447151604810,0.2828249349470060,-8.541318437149730,57.14375412281460
Soy Refined Oil,45,1.653796956724250,0.3307675806619310,-6.819097108165190,60.61654915387440
Soy Refined Oil,30,1.50607560618981,0.2362330845936190,-8.141004845041910,62.37773696772240
Olive Oil,30,1.462080703173850,0.251702983621624,-7.983518026423600,53.02527395785520
Palm Oil,25,1.395717853990180,0.2170050166683650,-8.671810938540860,51.65985866976740
Olive Oil,20,1.401998110878050,0.2014596160971320,-9.232160172248730,44.26957791413800
Palm Oil,20,1.407069658118970,0.2012150501140170,-9.488187635641690,41.53772080321550
Soy Refined Oil,35,1.54547042216197,0.2786736550681620,-7.793207686883380,53.98410524659830
Olive Oil,45,1.639478439355760,0.3248598046174240,-7.699177856155250,60.34486804254030
Palm Oil,35,1.546983287587870,0.2726300082893980,-8.074355595287730,66.44946728313150
Soy Refined Oil,35,1.573195824905790,0.2712308577458610,-7.978768069249880,64.27178434286360
Palm Oil,50,1.683245040368130,0.3561080983375480,-8.134844993536550,64.63266161130270
Palm Oil,45,1.637853088024690,0.3412932333661800,-7.61805278477299,63.04760965727810
Palm Oil,5,1.270241357294080,0.1021585214251770,-9.630345766589830,41.14662131356430
Olive Oil,30,1.511026394495220,0.2456479567138300,-9.047672781928460,52.91134507755780
Olive Oil,45,1.641032395618920,0.345100092893,-6.865068789661520,60.82813586038200
Olive Oil,40,1.59395500648157,0.3022351110632920,-7.963811206859480,61.89097330959080
Soy Refined Oil,5,1.237080716417510,0.1170080799334980,-9.991371761091020,29.23335695870640
Olive Oil,20,1.371077439348800,0.200949937513563,-9.180236702102300,48.55707750464980
Palm Oil,40,1.617662195542940,0.299221628029872,-8.090239956795310,77.96553783922430
Olive Oil,35,1.570767775114690,0.280054240932167,-7.595263551824640,55.15928835082830
Soy Refined Oil,40,1.625412621213170,0.2929269465967170,-8.471691524684970,56.38049266567450
Palm Oil,40,1.544808052014540,0.3106337484957090,-8.614400209276070,63.0637241922987
Soy Refined Oil,15,1.40087335790603,0.1768280690920530,-9.29705132422976,40.38930212404970
Soy Refined Oil,25,1.491250498384860,0.2143246708574570,-8.737890271663620,57.06110277707720
Palm Oil,35,1.557350446050190,0.2688377944659340,-8.055056590263800,54.1381510784285
Soy Refined Oil,5,1.239520068530890,0.1124278872514250,-9.508113629524080,32.82292189043390
Olive Oil,15,1.3555341808781,0.1823214056348510,-9.804822752260380,37.80087376273920
Olive Oil,15,1.351395584269980,0.1854201948316290,-9.478519167931200,40.49057747404720
Olive Oil,5,1.238694304472020,0.1208929134089760,-10.08135688593150,23.85163066130210
Olive Oil,45,1.688877537862170,0.3087708875254880,-7.352148429150130,69.09331968740330
Olive Oil,15,1.343648536023530,0.1682453855514420,-9.015220415323540,36.96719504456050
Palm Oil,40,1.617356938860630,0.2962191389901670,-8.29755089707736,55.93761487676050
Palm Oil,15,1.339937094961970,0.1894399666557450,-9.078693800893050,43.1003481648336
Palm Oil,35,1.555644152857800,0.2824656009568110,-8.439664959919170,52.30666030764540
Olive Oil,30,1.488554058944320,0.2367899350413480,-8.619139230349790,48.93131004292070
Soy Refined Oil,20,1.399012461928880,0.1969703554509810,-8.805878676107330,42.51790103538700
Olive Oil,15,1.360817384449630,0.1838475105476330,-8.748393400130490,52.2842611036551
Soy Refined Oil,45,1.663187611723740,0.3211352328274800,-7.58024275809058,62.77114324681720
Palm Oil,20,1.395530680352560,0.196506832038818,-9.009709802943870,44.48410108582860
Palm Oil,25,1.428926351617070,0.2143219707842080,-8.274846204013210,58.55306686290960
Palm Oil,40,1.61468609351123,0.2935066868807960,-7.95843876717166,59.66448296604610
Olive Oil,10,1.337213688917410,0.1585931009769350,-9.904070927203630,34.42264151434260
Palm Oil,25,1.469503952595650,0.2300109416993990,-8.655209191700630,55.0052304628357
Palm Oil,35,1.513799351934550,0.2681206613316280,-7.51297197375596,56.23993462573260
Palm Oil,15,1.347251029707450,0.1845287454720290,-8.443860871005680,48.57457226792020
Palm Oil,15,1.351508672778030,0.1589803418810280,-9.373031244064970,37.78376702341900
Palm Oil,15,1.358484685194240,0.1764333916760620,-8.51046051329712,45.05571827324770
Palm Oil,40,1.587547012765310,0.3019460745523730,-8.371235292849020,55.39988744389650
Olive Oil,50,1.696094046088360,0.3530466182869810,-8.750901430693930,62.33362698145440
Palm Oil,5,1.238747730343430,0.1477824870318130,-10.393973694759,20.84284058290050
Palm Oil,30,1.505958421305200,0.2528873239472000,-8.654941036821880,45.0287138474497
Palm Oil,5,1.240152979757210,0.1115709560173040,-10.04038889425200,38.26856522841410
Palm Oil,40,1.620764791857320,0.3008636756707340,-8.217915170460760,62.34647030274450
Soy Refined Oil,15,1.365162123970350,0.1741278440158440,-9.43478442642689,36.38241897544590
Soy Refined Oil,40,1.60534253302023,0.3050872502322990,-8.790595351016070,66.47519157038060
Palm Oil,50,1.702897353293150,0.3438522713484310,-7.854144231300830,71.71407581201310
Olive Oil,5,1.206963691973410,0.1178084668075760,-9.855565119413850,29.06410236424410
Palm Oil,5,1.216511114723450,0.1160381053768330,-10.01314726561350,41.52909143819830
Palm Oil,45,1.666179710300660,0.3280531977954710,-7.72221222000092,78.73416640724320
Soy Refined Oil,30,1.509032654032990,0.2392510094269090,-8.395043955179070,62.43319592902170
Soy Refined Oil,40,1.611175395691210,0.3091754520666410,-9.226203461716130,69.78984424576460
Soy Refined Oil,50,1.696507242963800,0.335149778417191,-6.976028969123930,68.32302138613100
Soy Refined Oil,35,1.572360313091520,0.2763145840078120,-8.954846884766730,60.32490414870540
Soy Refined Oil,15,1.313613841426710,0.1680681317276360,-10.16782881643100,47.85622894660770
Palm Oil,30,1.520650924086830,0.2612670513682760,-9.045483215107600,51.94592856022710
Palm Oil,35,1.530711914907770,0.2706984336440820,-8.225210739757650,57.19327894174100
Soy Refined Oil,5,1.274442466047460,0.1261117216028950,-8.992681546709820,44.17839159519380
Soy Refined Oil,20,1.377705045853500,0.2009767585556030,-9.057143977800940,45.21351287399550
Soy Refined Oil,50,1.667852806859950,0.3410021213721580,-7.520285913372590,64.10668455264380
Olive Oil,25,1.441725816646510,0.2357089523133960,-8.987386822741850,38.56641025892250
Olive Oil,20,1.400286465164210,0.2015618782294090,-8.899050220185770,42.1104059366631
Olive Oil,20,1.452658488738600,0.1819439452709320,-9.25812104350458,42.61747439275430
Soy Refined Oil,15,1.371244686606990,0.1703256565617500,-9.680030427561540,44.7842058927646
Palm Oil,25,1.451222312187350,0.2299395187199370,-8.269289157316230,40.8763797654963
Palm Oil,15,1.356487999435760,0.1714208890961880,-8.934471740989250,38.7295999509284
Soy Refined Oil,10,1.322019192699970,0.169583474542206,-10.11477479722620,40.48349611618260
Palm Oil,40,1.599397114609580,0.2943229421578130,-8.762260643309590,63.20462498644730
Soy Refined Oil,25,1.416228753664210,0.2364216002825290,-9.022722999469870,49.75483313283260
Olive Oil,35,1.555382538824900,0.2715680772450260,-7.939214055071970,56.15194831978180
Olive Oil,5,1.250375606086330,0.1315371188025620,-9.641392845176330,32.26683408254590
Olive Oil,35,1.521038872559190,0.2665725740998510,-7.930106334102230,54.37365511019460
Soy Refined Oil,45,1.677253477247340,0.316684980570439,-7.803297380457330,70.77577058450410
Soy Refined Oil,20,1.397866974171270,0.2139042747440640,-9.511613883071650,42.0278697326566
Soy Refined Oil,30,1.517709179178010,0.2578913402514670,-8.460499958194470,59.39771810405820
Olive Oil,25,1.472907783770950,0.2196844306275690,-9.197174956337700,46.58020249100450
Palm Oil,15,1.339287733231490,0.1835661710462570,-8.992478663361910,45.57829122378950
Palm Oil,40,1.603611664132170,0.3014523871678170,-8.30961823248972,63.56559414873630
Soy Refined Oil,45,1.630803440061730,0.3347505109530350,-7.514838844735860,56.72081114524840
Olive Oil,10,1.307812263554590,0.1579293294048590,-9.568223731677090,29.91083047220840
Olive Oil,10,1.319626282559980,0.1623571173929880,-9.286752090540160,36.3047734839513
Soy Refined Oil,40,1.584221184624820,0.2952917102348620,-7.424851986849300,63.39921330498810
Palm Oil,45,1.641870755575410,0.3111713302274580,-8.100853799062440,68.91794234986640
Soy Refined Oil,35,1.547264334500610,0.2858983553645040,-8.140384166122510,64.44634931357820
Olive Oil,10,1.316867452443140,0.1555944907599500,-9.381709124561900,44.84854388984890
Soy Refined Oil,20,1.407848319343580,0.194910363742925,-9.012787156096000,37.15462047555440
Olive Oil,10,1.306704773741400,0.1405250786502620,-9.813095016110780,38.07689490686050
Olive Oil,30,1.503794234574510,0.2590161091456840,-9.536710444468190,51.85474036576080
Palm Oil,45,1.623082581530540,0.3168074214027850,-7.988110436772330,70.37194590356360
Olive Oil,15,1.367017959243360,0.173626282116006,-9.054767575035560,41.48389123533750
Palm Oil,5,1.24868904786438,0.1448169180640000,-8.965610697948580,27.35951868783130
Soy Refined Oil,50,1.691710837964590,0.3439141391399360,-7.584253315467430,70.99743971138710
Soy Refined Oil,5,1.257954035410150,0.1265775078102970,-9.84266856140788,25.29465344968680
Soy Refined Oil,25,1.44721107448638,0.2204981073514860,-8.749736020571700,53.00603374464560
Palm Oil,15,1.321170358767800,0.1729054743435090,-9.95228212853482,34.91751182460270
Soy Refined Oil,45,1.654398343012120,0.3117390494095320,-6.939199950116840,62.89186412982050
Palm Oil,45,1.657849302822530,0.3312959413639400,-7.175288281999360,68.86566026346250
Soy Refined Oil,10,1.313457724326350,0.1483558355953860,-9.313915659263950,35.06251092514130
Olive Oil,25,1.443131778008240,0.2446469504796890,-9.15409679252521,50.7715856331814
Soy Refined Oil,15,1.370041704331810,0.1801719683453900,-9.135063895938030,49.3994304995692
Soy Refined Oil,25,1.428352653224550,0.232885486183173,-8.661756344818690,50.41164943358540
Soy Refined Oil,45,1.632818241152720,0.3369533611800280,-7.87744992243423,68.21806961341090
Palm Oil,45,1.650449317856240,0.3304711911517520,-8.340406407654420,71.57160847334440
Soy Refined Oil,5,1.258769514776200,0.1251961665769400,-9.41356938201659,36.95907066870690
Olive Oil,25,1.469617068982750,0.2175777047980840,-9.830780166659600,51.27786826856190
Olive Oil,25,1.45329521682473,0.2255088770185600,-8.663329167814800,51.2197659895425
Palm Oil,40,1.554530074817690,0.2906371136759320,-8.197914390365830,61.10187999882380
Palm Oil,10,1.287601316251900,0.1740737758393120,-9.413702948042570,35.78637473907670
Olive Oil,40,1.600417729765920,0.3023070090571870,-8.63008238258629,58.91819295980260
Soy Refined Oil,50,1.677257172389280,0.3406059421619950,-7.489308894447650,71.88863831160820
Soy Refined Oil,5,1.26277035721189,0.1226323139703590,-9.88148940189034,24.8214436297949
Soy Refined Oil,45,1.672290325684370,0.3361394863321570,-7.752412310952570,69.86506681126910
Palm Oil,40,1.567846779457640,0.3018474057889570,-6.98819689038518,62.03399922280000
Palm Oil,30,1.516830566840800,0.2438236339060580,-7.406175062724990,44.52763465581520
Palm Oil,15,1.345985016728940,0.1626785767018520,-9.026069126124100,43.85547025656960
Olive Oil,45,1.650959228919630,0.3283184386325850,-7.961888205724020,57.91318524945720
Soy Refined Oil,35,1.553794123352210,0.2683801782220340,-8.037056396903480,58.09573888707880
Soy Refined Oil,40,1.598302203629950,0.2875667607159390,-8.480744184827770,66.15426162139680
Palm Oil,35,1.561246332412470,0.2791726344785820,-7.681146898642610,59.74797499680150
Palm Oil,50,1.690200996896790,0.3546860579649960,-6.806177846471170,70.33047779827890
Olive Oil,25,1.438854393992750,0.2104316213060670,-7.00206110519995,42.68297020786660
Soy Refined Oil,5,1.235378523298980,0.1274193636947360,-10.60234850674810,31.88729444797480
Palm Oil,10,1.263193419275320,0.1661017152937860,-9.901986199403490,41.73044059769840
Palm Oil,5,1.258828429989820,0.1163504934836920,-9.932274573267510,26.69221911374590
Soy Refined Oil,40,1.610984615930030,0.3263422204365000,-8.402554619943150,66.78941114088490
Soy Refined Oil,35,1.578221018021180,0.2709458999238620,-8.430445709712300,40.64285054030810
Palm Oil,40,1.58898557608609,0.2897378036125500,-8.18311576965913,64.21940115108720
Palm Oil,20,1.413543194241320,0.1963463700922730,-9.451671743148500,45.55387273541670
Soy Refined Oil,40,1.586940840174840,0.31213381399905,-7.968410386221740,68.55192351084990
Palm Oil,35,1.546656077138550,0.2816616606547170,-7.415385622679850,70.17204316618840
Palm Oil,45,1.6465293634193,0.3194767832642270,-8.183210305724280,69.22807737084870
Soy Refined Oil,30,1.49943819373184,0.2477987631971000,-8.796897661128160,49.1712129219687
Soy Refined Oil,20,1.413326250018180,0.2046259129285400,-9.862903364395300,42.61217673832170
Olive Oil,25,1.467271933184930,0.2307964322932270,-8.980131700791660,44.32269553150940
Soy Refined Oil,30,1.472465405949930,0.2453577890256680,-8.373069395492710,61.84467247838750
Palm Oil,35,1.586043296168630,0.2788310021207320,-8.00984767349335,55.15308149925940
Palm Oil,5,1.263009001850720,0.1099691969824020,-9.22402619113854,29.00969686342790
Palm Oil,25,1.450666558513320,0.2154382311685040,-9.904591865642430,50.78526802700730
Palm Oil,40,1.592903852996320,0.2962170472573880,-8.20888989871589,66.7111907574868
Olive Oil,45,1.638833964921080,0.3139984576702830,-7.530249384689890,69.89468251756060
Soy Refined Oil,35,1.512391138897500,0.2799317200320170,-7.604298225892000,41.0659311925585
Olive Oil,5,1.248794220172170,0.1295479516964240,-9.362934269190320,28.99281461747460
Soy Refined Oil,30,1.510013314427620,0.2504977368718100,-8.496468420685910,50.69839430263280
Soy Refined Oil,30,1.508410902184560,0.2469704446201570,-8.20997337577593,59.05538228775540
Soy Refined Oil,10,1.307531480302780,0.1580985784163700,-9.824695846871870,41.86047394487650
Soy Refined Oil,15,1.323090303274960,0.181820595085768,-9.446157384366950,39.88743632788980
Olive Oil,25,1.429412569836360,0.2114732971415650,-9.511179593108950,55.56344187494960
Palm Oil,25,1.439283970738950,0.2079264204240710,-9.30826221997433,56.17905810003470
Olive Oil,35,1.553200364517060,0.2800178273616760,-7.691300592048770,65.24249614946460
Olive Oil,35,1.58040678474619,0.2700521905423310,-8.39713243589678,55.35981501073520
Olive Oil,50,1.708098281979180,0.3495766434180180,-7.443451931089880,65.3033663106703
Olive Oil,45,1.667803968222500,0.3353524933472380,-8.673093931119050,61.35244569903800
Soy Refined Oil,15,1.348331240604190,0.1605035478030150,-9.710929906562660,36.98021313959250
Olive Oil,30,1.501751564379070,0.2539593567562680,-8.541692137637150,54.9284629487053
Olive Oil,20,1.433469041805970,0.2134046105179040,-9.649790618463800,50.14866208939590
Olive Oil,30,1.523798227944820,0.2601367574054390,-9.287489734716510,58.63031188905980
Soy Refined Oil,10,1.295701792897000,0.1527679344932530,-8.667841450937680,41.62361928947130
Palm Oil,5,1.250875595254280,0.1224415886309690,-9.913559098294410,25.88222380988430
Palm Oil,50,1.72248706719741,0.3466592276902010,-7.2176970370532,64.90167830653940
Olive Oil,5,1.283992648332890,0.1248628390063370,-9.38597556878508,32.38587768126700
Palm Oil,45,1.617890698205620,0.3206099404912880,-6.911268534843700,63.53776962834740
Olive Oil,15,1.384991678084110,0.1888145407869050,-9.89613134755281,45.44853902622600
Palm Oil,40,1.621189610603470,0.3051246651619040,-8.037063553215020,60.78925387088030
Olive Oil,25,1.430537692795570,0.2062255711476390,-8.519835063410090,43.25225575912820
Olive Oil,35,1.558157535647510,0.2795253143635950,-8.950209780165380,59.03387389917210
Olive Oil,30,1.517383121287790,0.2588729083726670,-8.881643052089290,54.18968917723800
Olive Oil,5,1.253076638321570,0.132664673681116,-10.60889704790410,35.42434321745210
Palm Oil,30,1.491592097552770,0.2636261702661340,-8.334928692105460,58.47183943606190
Olive Oil,50,1.765209821613830,0.3494710399458400,-7.308568854189280,67.60287629142030
Olive Oil,10,1.329980688093190,0.1500042125923710,-10.1457555505479,40.13548658395830
Olive Oil,35,1.549723245078120,0.2681027222593580,-8.496561411199890,65.21816001734410
Olive Oil,45,1.636015235654300,0.3200764192600650,-7.478647801011640,60.8057010510656
Soy Refined Oil,15,1.361412259944390,0.1846818466053290,-9.415654191591660,38.93881632746130
Soy Refined Oil,40,1.567541448383400,0.3035343086648640,-8.135740733803470,62.77761212977500
Palm Oil,35,1.562314014587250,0.2693482636839400,-7.965460370232180,64.16262441558950
Palm Oil,50,1.681987057635450,0.342327129097748,-7.181051630916590,68.5663941261938
Olive Oil,15,1.340506044607260,0.1853311851539980,-8.526206537743790,42.53087484873250
Soy Refined Oil,5,1.239802829244710,0.1042592404023520,-9.856404130740800,33.81313070100690
Palm Oil,25,1.481894680146340,0.2186113847205560,-8.861102331461450,37.95262839390860
Palm Oil,5,1.262391329443560,0.1291073066326910,-9.019130933232550,34.80525739298290
Olive Oil,30,1.458773490881180,0.2555098665757130,-7.713878916740170,51.09791576390990
Soy Refined Oil,50,1.684406874390790,0.3471210699355870,-7.447125260277820,62.36390038764310
Soy Refined Oil,35,1.547078263569370,0.2690707346695200,-8.618493090208380,54.50755602138150
Soy Refined Oil,45,1.618280333755240,0.3062007561486100,-6.814517412314110,67.94807088685450
Soy Refined Oil,50,1.700008909883750,0.3370283137811510,-6.992385954167460,68.79384466851320
Olive Oil,5,1.2651532574588,0.1249248463572920,-9.572691215991030,33.77522706613810
Palm Oil,35,1.555835228850670,0.2707501462662340,-7.703750730957320,61.57976208841950
Soy Refined Oil,25,1.460746313150880,0.238343503259493,-8.540567626295510,54.31939910834420
Soy Refined Oil,25,1.464520068651350,0.2155935510235910,-8.575093828725570,52.88512913334230
Palm Oil,40,1.595503329939060,0.3162546734195570,-8.133451777080630,63.68374524440390
Soy Refined Oil,30,1.495221743160320,0.2643015563655990,-8.333136068219060,52.51194518941650
Palm Oil,15,1.349263729876430,0.1730152348492420,-9.698523215322630,38.63476577436490
Olive Oil,30,1.516968617644110,0.2275311066601540,-8.803350147382650,55.05641846139740
Olive Oil,30,1.462468945879160,0.2561971144596610,-8.817681194412820,48.0516667045482
Soy Refined Oil,35,1.537905106709240,0.2529443394290090,-7.801466901556430,64.37437520639360
Soy Refined Oil,10,1.29582091689552,0.1711013558208560,-9.365733006767600,45.56504633002000
Palm Oil,20,1.409145608092310,0.2145582232214680,-8.647746730087640,49.9452834368776
Soy Refined Oil,50,1.713372997203210,0.3408199123777820,-6.710981246473450,64.49429856011210
Soy Refined Oil,30,1.507120052584500,0.2521799741066610,-8.229296215563710,61.20858380475030
Olive Oil,20,1.402745522713570,0.2116220078904080,-9.396562672583580,51.30406843127700
Palm Oil,30,1.527387753451930,0.232394214057584,-8.305199802602720,47.85700742148100
Olive Oil,50,1.672552507994010,0.3503104489776240,-7.388866933775880,67.60331569279580
Soy Refined Oil,50,1.711313741593390,0.349392685896145,-6.724422477702150,59.16809578292110
Palm Oil,15,1.353436786795870,0.1805325121998480,-9.837797302812430,37.52465078861700
Palm Oil,50,1.717965637120560,0.3371366585331710,-7.19298717637076,72.6419640593386
Soy Refined Oil,35,1.531011513465490,0.2893473497966430,-8.480038127066750,57.66806191205010
Soy Refined Oil,30,1.506993000945990,0.2343519722863790,-8.452327900279350,52.68275891958880
Olive Oil,45,1.663414818919000,0.3220774023809820,-7.984574515012910,69.22314123158850
Olive Oil,30,1.523227975748630,0.2418874288086280,-8.315699585439900,55.57862633467750
Palm Oil,15,1.31483613985448,0.1813845093516460,-9.16390795387992,41.66042631218730
Soy Refined Oil,25,1.456677199331370,0.2393136678183120,-8.209116636163590,43.43890403284300
Soy Refined Oil,30,1.526698064956870,0.2562974987839870,-7.964294349056260,64.10024553464820
Palm Oil,25,1.416952659685920,0.2102496280165990,-8.653215300373210,46.98657076086110
Soy Refined Oil,10,1.28363142668116,0.1653236772467810,-9.250067938129810,31.00346912599030
Soy Refined Oil,10,1.307352985859830,0.1289997349234840,-9.187245991584480,42.42615741494500
Palm Oil,10,1.318764439953120,0.1464506254856770,-9.759696493207190,38.76720487977140
Soy Refined Oil,45,1.623766344990660,0.3336763208390610,-7.547949172495500,60.89012944804600
Palm Oil,40,1.592045917721860,0.3181994885054970,-7.523700802675550,64.36846568366110
Olive Oil,10,1.331083208414300,0.1585397597655220,-9.292567249819050,40.31644265059050
Olive Oil,30,1.48039477647405,0.2806194696540620,-9.051591378654120,52.43728631449920
Palm Oil,5,1.257726466356230,0.1229552877901390,-8.872262150842260,41.86509862607430
Soy Refined Oil,30,1.492403061421760,0.2517757130864000,-8.417840834049490,53.46790559998510
Soy Refined Oil,35,1.558835519931780,0.2750146183419150,-8.756514754805080,65.46008934680530
Soy Refined Oil,40,1.587935842077650,0.293634742768244,-7.566840024868970,70.03820460558110
Palm Oil,40,1.592918769062660,0.2913613543412700,-9.007602994177710,55.74293063757890
Palm Oil,50,1.686674315989800,0.348223060228866,-7.829801134259620,66.47565773092260
Olive Oil,30,1.524639689425390,0.2246261140393010,-8.705694915013750,51.57975181806490
Palm Oil,40,1.592369517216170,0.2941985634849720,-7.315372601289060,56.3071631347519
Palm Oil,50,1.692411910020280,0.353320652491644,-7.059408328479000,68.09879222034900
Soy Refined Oil,40,1.599371216592500,0.2915157136580920,-7.7134360933794,53.07066754032950
Olive Oil,25,1.480240320000110,0.2238410793863890,-9.28991957689426,44.36954045586390
Olive Oil,35,1.548388005014070,0.2666694394299920,-7.792304862219920,55.25229862702230
Olive Oil,25,1.426282789057400,0.2017804358265820,-8.479078955331840,58.20579769545790
Soy Refined Oil,40,1.578418489998640,0.3058913935902800,-7.241593566435060,63.78919174335510
Olive Oil,25,1.484053929766960,0.2242525583184980,-10.41237785995560,42.65538268164900
Soy Refined Oil,35,1.554105337872020,0.2723770398781020,-8.06325940613392,54.4560745987673
Soy Refined Oil,45,1.668507961815930,0.3253178156816160,-6.885442615965230,66.37139622041420
Olive Oil,30,1.505912489774940,0.2348335745057920,-7.761532786940860,48.16110224366030
Olive Oil,30,1.495664899670280,0.252297110168023,-8.515289509751730,59.86516266912850
Olive Oil,10,1.304269060385600,0.1582870943521990,-8.719525100450470,48.17516350682960
Olive Oil,45,1.63614031605337,0.333007480213233,-7.130881029676780,61.61503702744720
Palm Oil,25,1.460399981515960,0.2152216279962870,-9.091195497142950,46.61585391806490
Olive Oil,20,1.383228284031060,0.1911331907771660,-8.732591331827050,52.14490251244530
Palm Oil,5,1.247163967500080,0.113161148239475,-10.10727350423540,32.69147466160890
Olive Oil,40,1.581269872504210,0.2933222044353110,-7.853903635836810,61.06335490796810
Soy Refined Oil,25,1.481820386115500,0.2229423140197030,-8.772371590381300,43.93029146921310
Olive Oil,5,1.257194735287150,0.126687062610952,-9.019236896861750,29.63923160403350
Olive Oil,25,1.425637840569010,0.2315350195205590,-8.93866075505913,60.12903545955630
Soy Refined Oil,25,1.408317741210030,0.2422469664976110,-8.893723759700180,51.43664452201500
Soy Refined Oil,10,1.287047357728230,0.1387647087908600,-8.734050041727730,37.03850482985460
Palm Oil,45,1.667621431472450,0.3405600057183920,-6.793795295041600,70.32077106735440
Palm Oil,50,1.713710154775800,0.3684860883329640,-7.587781972749610,73.34327402378950
Olive Oil,30,1.530677098820640,0.2513784450488080,-8.85136400795632,47.97653358585940
Palm Oil,25,1.451835049688970,0.2275224039642670,-8.808114521560980,51.07356591585260
Palm Oil,30,1.47655479094217,0.261468791992519,-8.33432917661033,56.66700425618780
Olive Oil,5,1.267520935850600,0.1397267067575100,-10.05199031298460,32.85225672319830
Soy Refined Oil,5,1.256575206006860,0.1252780291573990,-9.787689806211380,37.50646163376120
Olive Oil,45,1.665952057000000,0.3151307467583140,-8.190110095411160,59.69842854328200
Palm Oil,45,1.655285956439510,0.3322519947267320,-8.148008032607940,63.20168655108020
Palm Oil,15,1.331021669583500,0.1924736319791560,-8.783904217869810,40.81722356390530
Soy Refined Oil,20,1.422712402943660,0.1889370648758840,-9.412257080763840,42.9570513838015
Olive Oil,15,1.333277860082410,0.1561521364098370,-9.135342935782680,50.56333856419290
Olive Oil,50,1.715606856232330,0.3337520200989700,-8.104517198494590,68.80830913843220
Palm Oil,50,1.718227254443490,0.3510575379127150,-6.868146661172670,65.76842011267130
Soy Refined Oil,10,1.337928248115460,0.1521978432342450,-8.803727373137020,27.754380567732
Palm Oil,40,1.609334324680100,0.3050636697752630,-7.911390607464160,57.43972948923050
Soy Refined Oil,25,1.480327881105070,0.2310211832039250,-8.713981569358130,48.93895515049420
Soy Refined Oil,50,1.713552793769670,0.3579050136066170,-8.283664576762270,71.89173597803630
Olive Oil,45,1.638509060477320,0.3208013653891370,-8.502437996414560,66.62991977224460
Palm Oil,5,1.259720725788350,0.1095269601106160,-9.208654473056460,31.64437674091060
Palm Oil,30,1.456713802643040,0.2467140056190840,-7.92321828567007,51.40696010484850
Palm Oil,30,1.469613078490460,0.2216784440188940,-8.7255794292045,56.7587039995546
Soy Refined Oil,40,1.609688932105580,0.3046166629471140,-8.396104453092350,50.81835485842930
Palm Oil,40,1.603808477798500,0.3044921872128500,-8.254903346595440,62.17220505852920
Palm Oil,50,1.677053560647030,0.3468757820850500,-7.419711325192180,70.26653710299380
Palm Oil,45,1.643149015982850,0.3267046377099660,-8.231366282642310,64.96694360151980
Soy Refined Oil,15,1.345670955544570,0.1686971355593490,-10.34264842366750,47.71918363210200
Palm Oil,5,1.281920969827910,0.1214326143674100,-8.583355339175110,43.77615015453890
Palm Oil,20,1.390858715879110,0.2005467940848180,-8.950465462038300,38.41346892160750
Olive Oil,15,1.350284883280270,0.1592364829110060,-9.073226068400660,40.72034719165120
Soy Refined Oil,35,1.577408193879680,0.2892945780204400,-7.51777284386635,55.1920603231336
Olive Oil,10,1.28533934008952,0.1681806192255780,-9.112422252982610,40.76520042926180
Palm Oil,35,1.553037552192280,0.2875481194346920,-8.366064659274230,63.82307495155180
Palm Oil,35,1.493130294158970,0.2752049301292600,-8.097192819374390,49.93669120979890
Palm Oil,25,1.44712083212424,0.2270299211293610,-8.673438718704460,54.95354126851760
Olive Oil,5,1.228689306202060,0.1369317086497510,-10.1111813697445,30.6756522868801
Olive Oil,40,1.626933394475100,0.2952565455809650,-7.963282740379440,60.31810668444800
Soy Refined Oil,5,1.214610828093670,0.1187536335732590,-9.848261059713690,38.74586853213840
Soy Refined Oil,45,1.643443529473150,0.321615060357077,-7.00194888328722,63.62005698806820
Olive Oil,50,1.69611461736043,0.3424420849984160,-6.975646436791720,78.27703556544150
Olive Oil,50,1.692526758434720,0.3449272858940620,-7.796951586010150,69.46889253078990
Soy Refined Oil,5,1.236172510051720,0.1354513454838430,-9.338345273947910,28.75060379553620
Palm Oil,20,1.400826512645410,0.2044300213044740,-8.524225114712980,40.8941877121985
Soy Refined Oil,40,1.595165007222130,0.3078007029739110,-8.315109276598800,62.3496463357032
Palm Oil,5,1.236000164128560,0.1143255565445350,-9.935479009785780,32.91785985862060
Olive Oil,20,1.360290779591650,0.1938997702250160,-8.661320239156790,42.12482905288140
Palm Oil,20,1.341860235613570,0.1962517794337820,-9.519271910421990,37.84362092269530
Olive Oil,20,1.405043347009510,0.1881393076860060,-8.695778965262900,49.57159467936830
Palm Oil,20,1.383280103168070,0.2127438808733170,-9.494806979501410,44.78048389337270
Olive Oil,25,1.456275318466170,0.237106905737559,-8.210443348003040,47.10549483831780
Soy Refined Oil,30,1.51046790033804,0.2467441264284690,-8.656258080337840,57.05011584892230
Soy Refined Oil,15,1.320664296187690,0.1699859785311440,-8.76234377076101,44.57814044221980
Palm Oil,20,1.409356534504720,0.2208126962876670,-8.877051586543550,31.23462449674370
Soy Refined Oil,50,1.712104474020370,0.3611543329738110,-6.973604221548640,71.11874159787150
Soy Refined Oil,25,1.442663446681860,0.2399777654124200,-7.692834142634950,45.23290548811160
Palm Oil,35,1.553703510736600,0.2792544486418420,-8.138855072099570,64.39432906656700
Soy Refined Oil,50,1.66661421306252,0.3515987663401420,-7.933097799346720,53.80281137529970
Palm Oil,25,1.434546811094580,0.2333019181186260,-8.299800705802470,52.25612659659250
Soy Refined Oil,50,1.713673448428340,0.3494455263788620,-6.919753231303000,63.65597046212240
Olive Oil,50,1.71522843534794,0.3374001852156170,-7.680204992784930,68.62857484643700
Olive Oil,45,1.618113430134370,0.3419356646952830,-7.152389664239140,68.39101130950880
Soy Refined Oil,10,1.328865791072640,0.1279358115161630,-9.772921292985540,33.64871888241390
Soy Refined Oil,45,1.653694209495620,0.3343791553751070,-7.743750339046370,80.34201527833390
Olive Oil,25,1.416628014822440,0.2355872852988390,-8.836400868698230,53.85960077418340
Olive Oil,20,1.368157129444110,0.2087417691723830,-8.813115785953250,51.50978348698710
Olive Oil,15,1.366840767946490,0.1669071171275570,-9.651101142118100,40.12311522203460
Soy Refined Oil,30,1.512648849327360,0.2528995244074990,-8.398855471806860,52.79398625099930
Palm Oil,45,1.648332127577420,0.2931218852395990,-7.408681958215650,64.4266819132661
Soy Refined Oil,40,1.579799081214320,0.2893709031754690,-7.708022502560930,52.47773879871540
Olive Oil,30,1.502462121691750,0.2592433428299180,-8.721867757430240,59.97461067432500
Olive Oil,25,1.422221836579420,0.2190489656135230,-8.891443360259810,46.90463631741400
Soy Refined Oil,35,1.54936975351154,0.2777474190274640,-7.715520232362430,58.45594136921890
Soy Refined Oil,20,1.425539307721760,0.2033802348110170,-9.603510823928610,40.62343803475380
Palm Oil,10,1.324119120358090,0.1614185324481100,-9.896149196102050,36.00450573089540
Soy Refined Oil,15,1.334217167432150,0.1784561341638540,-10.03885104581640,44.35571874881050
Soy Refined Oil,20,1.402357690122070,0.1982864900719640,-8.437652071601550,49.65163502961660
Soy Refined Oil,25,1.437295450669420,0.2320422228948440,-8.609944869476710,42.48389032793570
Olive Oil,15,1.401093726518040,0.1685780534746570,-9.676651653413170,42.42642116746680
Soy Refined Oil,35,1.549520453950040,0.2794127153452170,-8.059900815423300,57.10196751106910
Olive Oil,15,1.328156727345640,0.1833475132632490,-8.793114189307210,34.27135106654630
Palm Oil,15,1.356901507538920,0.1878650311907190,-9.651077295754820,48.83077314136820
Soy Refined Oil,35,1.522683516891690,0.273510306902327,-7.998607786552400,66.98180411463480
Soy Refined Oil,15,1.342516394480200,0.1734443430547820,-8.866901995412950,47.05206913125330
Palm Oil,20,1.380705891484990,0.2162846855477230,-9.142192324803250,53.95291036308930
Soy Refined Oil,30,1.528682654464670,0.2524958456178920,-8.114576361295710,45.20120389911190
Palm Oil,50,1.697175549286920,0.3634028257033400,-7.500573394537730,66.38966003502190
Soy Refined Oil,20,1.381444317818790,0.1976062314849110,-9.106664899654630,50.79978337216870
Olive Oil,25,1.4898566525054,0.2172070440047860,-8.663736608538460,52.55431494574160
Olive Oil,5,1.24845113078548,0.1130470623640080,-9.024536225860400,43.03598321818940
Olive Oil,20,1.383228136940720,0.1949644337418260,-9.101200994315670,46.38476995112770
Soy Refined Oil,30,1.50161583259444,0.2431894483938530,-8.002064011670540,55.27498375337300
Soy Refined Oil,40,1.622118008487150,0.2943605251194180,-8.408108622270980,62.39071531484820
Soy Refined Oil,45,1.61846007035618,0.3169717555604920,-7.786986431797190,65.62167197837090
Soy Refined Oil,20,1.409769893449070,0.2236161144400470,-9.164331007581150,36.11999776139580
Palm Oil,20,1.38752847817596,0.1899133768561660,-9.695973120351580,40.94479117695090
Soy Refined Oil,35,1.526645466247800,0.2867822809288260,-7.479163594101820,50.1029250525347
Olive Oil,15,1.402670758800630,0.1803174488312570,-9.15661897257588,44.36331528038360
Palm Oil,50,1.686501319624190,0.3459692401093500,-6.504223348897630,65.83969347575070
Palm Oil,30,1.495590276916650,0.2473538529662790,-7.690809335576080,52.69476904059920
Olive Oil,5,1.241484223141700,0.1297110579986250,-10.43699977371170,32.65498612058450
Palm Oil,10,1.305051376919930,0.1638453204759390,-9.277900836354660,43.50661478867880
Palm Oil,35,1.519568063147350,0.2924673893750840,-8.224108074400520,60.88396911956910
Soy Refined Oil,35,1.541817667726900,0.2748149539677030,-8.032928889868890,60.1356686434383
Palm Oil,50,1.715824180780260,0.3449173964910490,-8.588290542812060,73.70819873232390
Soy Refined Oil,15,1.339656338323880,0.1695183364403080,-9.519118092995580,41.32072641805880
Soy Refined Oil,30,1.441411026199960,0.2705297202450170,-7.955615172891660,52.11849637537500
Soy Refined Oil,20,1.421110892042640,0.2275072303053730,-9.257504138177850,44.38820724577380
Soy Refined Oil,35,1.592073462061230,0.2809639706911770,-8.493996658103610,62.104834421842
Palm Oil,10,1.298172008849820,0.1491912150213450,-9.473870754751260,32.69697466801700
Palm Oil,20,1.40638320580184,0.201310207620787,-9.166889435419440,40.93863321581490
Olive Oil,10,1.280756216400390,0.1550244726672900,-9.579467867664390,35.90764484741400
Soy Refined Oil,45,1.642773788760650,0.3243581583871120,-8.255299109964460,63.42390803095880
Olive Oil,15,1.35104637095645,0.1799082850061810,-9.892841209123340,41.81343795876680
Olive Oil,10,1.312414951105590,0.1604018856479280,-10.20200064819060,51.2251839520758
Soy Refined Oil,10,1.329329114523150,0.1627041646058120,-9.731128640040430,42.53809138400100
Olive Oil,30,1.498452773047620,0.2675841785737910,-7.817080697221770,57.72448209223550
Olive Oil,35,1.537906758650100,0.2832572636294720,-8.635734822610750,64.98480790228920
Soy Refined Oil,20,1.384088858641180,0.2042439393786100,-8.360240665119920,34.91590580322970
Palm Oil,35,1.536653846652910,0.2760377283680040,-7.609003873452850,61.16547467352690
Palm Oil,40,1.627361969635280,0.2883125897150690,-9.313532678404080,59.39299454090620
Olive Oil,10,1.276394327923540,0.1526354674057820,-8.215046482262330,31.20894165736900
Palm Oil,10,1.29633025514003,0.1333019984690370,-9.476614284579580,37.46423559482230
Soy Refined Oil,45,1.639097800195530,0.3402298055191000,-7.71953545307532,58.96500211018460
Palm Oil,5,1.242037159788230,0.1188807787858820,-8.845242540740700,26.62881360552300
Palm Oil,10,1.263198445109890,0.1496771938895050,-9.179728532462610,38.61539100828090
Soy Refined Oil,25,1.432175629997870,0.2243815991603930,-8.323702098352450,60.60284060215250
Palm Oil,40,1.619167716396840,0.3005166097685110,-7.885462655897150,67.37159006357780
Palm Oil,10,1.323537124872370,0.1548452034547800,-10.26724006570270,42.19381071954620
Palm Oil,5,1.231116087112470,0.120141373115957,-9.491289100405270,31.16247533056440
Olive Oil,10,1.340236519928850,0.1363086346265050,-9.844416197162290,38.71374168022480
Palm Oil,35,1.568319707118920,0.2824936594227000,-7.945133216075080,66.29547760459860
Palm Oil,45,1.618221054341680,0.3398010879195460,-7.956495817044870,69.92562610337810
Olive Oil,20,1.382705557309620,0.187899292798988,-8.114305512805490,48.45601469250500
Palm Oil,20,1.403555697076580,0.2014176103557860,-9.416818072454230,49.37224701201830
Palm Oil,40,1.571837932523740,0.3108182615104030,-8.906616643001520,56.70694704735400
Palm Oil,20,1.440240682619210,0.2013617288306480,-8.9111447774849,49.18669273883860
Soy Refined Oil,25,1.446418134299680,0.2289581978109590,-8.403572122091100,53.67318772729670
Palm Oil,10,1.291967845786860,0.1484546100577010,-8.53689621863371,32.76088972936150
Soy Refined Oil,30,1.480114465766220,0.2462503592205220,-8.823472585624810,48.91719560493830
Palm Oil,15,1.366429088585070,0.1754561642932150,-9.017598934584010,44.23015477626060
Soy Refined Oil,45,1.672376513074130,0.3175633838663320,-7.54863889156359,61.44413011824590
Soy Refined Oil,15,1.353089679914380,0.1761032110584720,-8.84908450872754,39.01505804512110
Olive Oil,20,1.458415051317720,0.1908713568223640,-9.350326327172280,50.4132403850656
Olive Oil,40,1.592113454015300,0.2984814663827350,-8.569845852523610,65.59137203487230
Soy Refined Oil,15,1.342153579949750,0.173256036816552,-9.665940621711940,41.45383784906730
Olive Oil,40,1.592149148835380,0.3069211950508850,-7.684391399752400,64.94762523088340
Palm Oil,5,1.234796538897700,0.1267791680700990,-9.117316953484220,41.43331832126590
Soy Refined Oil,30,1.515884911820020,0.245741384135984,-8.230427941024920,58.89184968884890
Palm Oil,10,1.329225685550710,0.1315608521173470,-9.614828634364220,28.32384707596120
Palm Oil,15,1.338138557311360,0.1781470630755450,-9.013474535883390,46.68663645910440
Palm Oil,5,1.234380896162680,0.1207622454439200,-10.52625699614310,38.48878949357580
Olive Oil,30,1.51819242262838,0.2462308967559020,-8.120454802305800,48.80955748091860
Olive Oil,45,1.648228419383610,0.326308934879438,-8.393380647326370,66.54000371973490
Olive Oil,30,1.489783743484610,0.2495906067138120,-8.609740276607160,49.06836618037470
Olive Oil,40,1.587854156301040,0.2758788609494960,-7.461806230195570,61.28955062455170
Olive Oil,20,1.427985666825400,0.1961806772827460,-8.744886177415200,43.57604661821550
Olive Oil,5,1.24159772876848,0.1181721764157890,-9.140144625054900,37.98046352999290
Palm Oil,35,1.540530757536490,0.2818076574865560,-8.648469630228510,71.24071992876740
Olive Oil,45,1.652578683824960,0.3155474734192250,-8.657013174054080,66.53852073895870
Olive Oil,35,1.566587615871780,0.2840057781819320,-8.06333792775112,61.15196236016030
Soy Refined Oil,5,1.229287553050490,0.1360706423606510,-9.791990934403090,33.74645390067260
Soy Refined Oil,5,1.238281446533650,0.1282910677871010,-9.123578682786260,31.75887691849930
Palm Oil,5,1.288088670163500,0.1189460707607250,-9.180792239672150,34.14006457679440
Soy Refined Oil,30,1.505547169239290,0.2497772102081630,-8.338958844616510,53.94453998025700
Olive Oil,30,1.506731734028450,0.2524601596417600,-7.987750525567260,52.56938204978530
Palm Oil,25,1.472778175081490,0.2261003309004750,-8.594275922087640,49.4028206302814
Soy Refined Oil,30,1.520036497073640,0.2450242916161480,-8.891001746255520,50.20148441259860
Soy Refined Oil,35,1.55470776521096,0.2617420622864580,-8.579503379116170,49.67761632333390
Olive Oil,30,1.505278563070100,0.2669160216537740,-8.728052867570290,58.8256679528619
Olive Oil,35,1.568179196584560,0.2795939041632790,-8.133453673742610,60.22366117081560
Soy Refined Oil,15,1.348153172740160,0.162092111338494,-9.568429793464300,44.09830122406030
Soy Refined Oil,30,1.500157603693900,0.246743889478515,-8.582167602942700,55.06046676537090
Soy Refined Oil,10,1.272229148923380,0.1339972889549630,-10.10864134611020,38.79731253402070
Soy Refined Oil,10,1.289751895707520,0.1410201235845560,-8.777067670178990,38.08157800842890
Palm Oil,20,1.384152622103910,0.2033905445113300,-8.342924094326110,43.79197388289490
Olive Oil,5,1.242343656207740,0.1237627105372520,-9.948839846807300,28.0798472088872
Palm Oil,25,1.458069378362160,0.2195064014506460,-8.092610087201750,47.17244355891180
Olive Oil,15,1.326476533268900,0.1798756029708670,-8.65905445352002,44.40454046374450
Soy Refined Oil,45,1.625012095938810,0.3139201695795710,-8.45095403385812,72.60092098599210
Soy Refined Oil,50,1.72475307515024,0.3537976763604090,-7.984022879255120,68.44846147307550
Olive Oil,15,1.334374065863540,0.1647500768618120,-8.658338094778420,50.3695079437103
Palm Oil,5,1.247409371845550,0.111147429104927,-10.89905579356490,31.40659708932140
Olive Oil,35,1.523696645151440,0.2711990143648970,-8.610708174872940,57.26096748226440
Olive Oil,5,1.259015525073020,0.132076263298225,-10.10091708149420,32.81359409454840
Palm Oil,40,1.590961012561760,0.2921066149428030,-8.003522492740280,60.92195210715990
Olive Oil,40,1.60945834169051,0.2978652786400060,-7.668637086740370,57.96430008510330
Palm Oil,10,1.302797744656780,0.1599611821491110,-10.19511096257670,38.78880719646890
Palm Oil,10,1.304170096423270,0.1484038417475180,-8.161011361915060,38.32347219548190
Soy Refined Oil,45,1.649828634239790,0.3051096069284900,-7.545847768291080,64.44720954660710
Olive Oil,20,1.43906606511492,0.1987126466047210,-8.63562035842811,39.01251338040370
Palm Oil,15,1.363966416315120,0.1724704830077420,-8.493331860822140,43.99014014980940
Palm Oil,40,1.584001189865960,0.2809199786287670,-8.1965263785307,67.0081591260428
Palm Oil,30,1.527869090550490,0.2571054910229780,-8.285329588599130,55.89819824192980
Olive Oil,5,1.247511453537870,0.1193097263772480,-10.02716898365670,43.69994195738170
Palm Oil,35,1.576508642181900,0.2609318499050250,-7.957047899417680,54.31614932026190
Soy Refined Oil,50,1.68691196209663,0.3406933578203960,-7.558255189173490,78.32400914620230
Soy Refined Oil,15,1.348251293424460,0.180483196275545,-8.775202714317760,41.70292409363750
Palm Oil,40,1.622856192775550,0.3123836283251010,-9.375506678292820,64.11836599374780
Olive Oil,50,1.719206095925630,0.3546248362406690,-8.089684560816310,70.86127193205520
Soy Refined Oil,15,1.388156175779630,0.1742745767676480,-9.375744628745740,47.47169893201330
Soy Refined Oil,10,1.300526556678850,0.1573345288314110,-10.16428982886200,37.94327405112360
Olive Oil,20,1.407583062374520,0.2123022217565080,-9.298487143360540,34.04847816265280
Soy Refined Oil,30,1.509152442074670,0.2461842910820300,-8.617017885978290,50.61944632371940
Palm Oil,15,1.360305886432490,0.1666571818996540,-8.157951633309770,44.85253604177260
Palm Oil,30,1.512602975528560,0.2312328126931730,-8.294733992795370,58.4014253949189
Soy Refined Oil,35,1.550986166630410,0.282688396759689,-8.55411325372238,59.81557813872260
Olive Oil,15,1.336100680174010,0.1747217245537070,-8.976429162469760,37.70822322940290
Palm Oil,30,1.503691287050910,0.258891717235344,-8.917156537020290,56.91721489249030
Palm Oil,15,1.341020020617520,0.1748791798956290,-9.52226107934716,34.57556050878060
Olive Oil,25,1.466336774192650,0.2309476491477690,-8.331889460562500,46.30490551500520
Olive Oil,30,1.515069229033170,0.2561724045435640,-8.622832637979700,58.30817331486070
Palm Oil,5,1.265308984768650,0.1301125327853960,-9.955927255522390,38.05681158702360
Olive Oil,35,1.538044793344470,0.2766899966031120,-7.659320388373210,52.00311442295030
Palm Oil,40,1.588639511334150,0.291676392857031,-8.76467416025668,48.82016066205440
Olive Oil,40,1.594397909516400,0.3162263753803540,-7.641103252438090,59.32289061333330
Olive Oil,50,1.68030013748366,0.3519868000954740,-7.539533670932280,67.10437945182130
Palm Oil,10,1.289582726696980,0.1341924918269060,-9.530550956875680,35.23970999111300
Olive Oil,30,1.474337099831080,0.2631728280777760,-8.053875142123190,55.35897842566170
Palm Oil,50,1.703720267563980,0.3606059233598240,-8.413330008504610,70.70503739849520
Palm Oil,20,1.409150329802540,0.208602629714012,-9.458926215947970,42.77244036955300
Soy Refined Oil,30,1.48099728494233,0.2480131488705100,-8.408469889813570,47.6544997264846
Olive Oil,30,1.484592341225680,0.2376986175624190,-8.403719882733690,59.72379805726150
Olive Oil,10,1.32740087322342,0.1336712216150960,-9.38234101928045,35.29948453200610
Olive Oil,50,1.679606093605820,0.3520636177132550,-6.768902030641180,72.24317882257260
Soy Refined Oil,25,1.422572662636350,0.2266623413198810,-9.237690117584670,54.68017827241950
Olive Oil,10,1.298336625783960,0.1621172429847070,-9.982680272190110,46.39287976587040
Soy Refined Oil,20,1.396735471435380,0.2161982460498270,-8.718432272415870,39.37956585067060
Palm Oil,35,1.542737666776890,0.2549254313925500,-8.444173469150580,56.47190444465840
Olive Oil,20,1.407968877267130,0.2043723109754700,-9.756137796370540,41.50312936422670
Palm Oil,45,1.667191697446870,0.3257980148405870,-7.180222231987270,64.06319017723590
Palm Oil,10,1.303340740014530,0.1541739513073390,-9.220674542493100,37.1292469512539
Palm Oil,5,1.261217854453640,0.1124660882877580,-10.1815174535415,25.88533498659380
Olive Oil,15,1.329882928705020,0.1579069030470900,-8.924327493823480,35.40468069257520
Palm Oil,25,1.436475175835150,0.2140563520244990,-9.044077178493880,57.09119391453150
Palm Oil,10,1.283187851450610,0.1574994997065130,-9.572625647127500,36.39720208736910
Olive Oil,5,1.240904105652450,0.1146019346897310,-10.05382317268670,33.3134451710556
Soy Refined Oil,50,1.722089899708850,0.3439834759781860,-7.603092400312880,67.99903249492810
Soy Refined Oil,35,1.544363952386270,0.2759849834802470,-8.172975961149110,57.78815794729160
Soy Refined Oil,10,1.297866486361110,0.1614925935003060,-9.222212195929480,27.22204530128450
Palm Oil,20,1.396987185594370,0.2032241598271110,-8.19049535635635,45.22692929226550
Palm Oil,30,1.480982754290670,0.2482114487849170,-8.656870638677150,56.10076646993140
Olive Oil,25,1.432908476392630,0.2086029088112970,-8.127735044661680,50.05041483440610
Soy Refined Oil,10,1.301068349618190,0.1368651086830940,-9.598094072926230,34.64428196618440
Olive Oil,25,1.449640714230860,0.2229537871207370,-8.943560213173780,49.26138977458460
Olive Oil,50,1.68456909826097,0.3372246417786710,-7.402038925822860,79.3463464160812
Palm Oil,5,1.233072805602260,0.1191509234658220,-9.989379285760840,35.79737898773560
Soy Refined Oil,20,1.373824433758460,0.2193438852790850,-9.07995801141772,50.68252058365240
Palm Oil,20,1.352261402596090,0.1950412182798990,-8.451349906228150,38.17175984197200
Soy Refined Oil,40,1.6194554879325,0.3011785865224760,-8.099833213068700,53.46412637234570
Soy Refined Oil,30,1.513757999359920,0.2664072894100550,-8.699168222065120,59.92684890411890
Soy Refined Oil,45,1.65988127837951,0.2964537333709560,-8.178425932563900,60.36973019544480
Palm Oil,10,1.296806296250230,0.1543006568717530,-9.076526749115040,38.73254600479220
Palm Oil,10,1.303573109620260,0.1543508439796630,-8.522851380987340,44.2232639076765
Soy Refined Oil,20,1.438567471316180,0.2034955210162510,-9.3964737486658,49.43732644884740
Olive Oil,25,1.448472207274660,0.2235248043538190,-8.905184391790650,46.99425931702010
Olive Oil,45,1.633144067955160,0.3288615468815980,-7.594399343020590,67.72600888614730
Soy Refined Oil,5,1.253547583418290,0.1040012676778100,-10.04993708430040,39.49164600347020
Palm Oil,25,1.450504217350800,0.2095688177205710,-8.667852617314720,60.98111571076400
Olive Oil,10,1.317138786074360,0.1535505627823890,-9.654464322174870,30.07858053686680
Soy Refined Oil,10,1.284857463063680,0.1476228895785410,-10.63064551337510,33.48904779763920
Soy Refined Oil,45,1.665190297749720,0.3220824136774150,-7.779913071764950,68.46780102167150
Olive Oil,30,1.488501000892260,0.2464755513422400,-8.678553596124460,52.77657745582930
Soy Refined Oil,40,1.608252612461320,0.2939759837786560,-7.957438971351090,69.9747672570266
Olive Oil,50,1.744217819856020,0.3535268953982260,-7.723629795441420,76.74791619523500
Palm Oil,15,1.334418145212470,0.1770323595458600,-9.478816624668810,42.92844290209370
Olive Oil,50,1.685594645631790,0.3347290108501710,-7.02043353483726,72.8517106340318
Palm Oil,10,1.307888170654480,0.1482854317502690,-9.878242833236520,39.75872863437520
Palm Oil,5,1.266288497972330,0.1468571166461420,-9.941113619283080,30.59752028162500
Palm Oil,20,1.391528028365440,0.1863438259580990,-9.487060923108190,49.51713958393650
Soy Refined Oil,25,1.455872975477260,0.2243277043784900,-9.31858938790128,45.5358520134096
Palm Oil,40,1.604468472844940,0.2962988580510610,-8.27846440384248,58.69984021637090
Palm Oil,45,1.637638067541030,0.3197694275996140,-7.832503680683170,71.4134175849184
Soy Refined Oil,35,1.555212557152000,0.2779865444825950,-8.169557808504120,53.38703666586240
Palm Oil,40,1.554612521416920,0.2907570427684840,-7.092995409462510,52.99649841111580
Soy Refined Oil,15,1.352610312260080,0.1579148149676930,-9.652399374287440,44.74425212904410
Olive Oil,50,1.690976735599910,0.367473763597099,-7.523841567620610,67.77750485894900
Palm Oil,10,1.291004367921460,0.1515332866213720,-8.528905193653120,28.31602355633880
Soy Refined Oil,5,1.225324543168890,0.123352590698959,-9.286965877086050,26.51093271729790
Olive Oil,10,1.305112954077010,0.1579585562965410,-9.765826912333750,37.64641762109960
Palm Oil,5,1.238067418827770,0.1459793933913240,-10.01281546699270,34.16203506670070
Olive Oil,30,1.497500405393720,0.2419504057989590,-8.30190029980791,44.95821783791290
Olive Oil,10,1.294379893719400,0.1480193350247520,-9.677278514348510,51.15720202713260
Olive Oil,45,1.658339441481010,0.3226356781992040,-8.274912766759070,65.08963879722370
Palm Oil,50,1.674230996288210,0.3555890596116420,-7.040500621371580,69.3654109798502
Soy Refined Oil,30,1.523376871148050,0.2458761560519970,-8.523555057815520,56.40025134002500
Soy Refined Oil,15,1.331946006715550,0.1844692846835710,-9.948576153274080,48.11032637098090
Olive Oil,15,1.359371501399080,0.1881654617218470,-10.11970098596840,36.73759961501790
Olive Oil,20,1.4097461047409,0.210719298652118,-9.439641391205990,47.7429755993049
Soy Refined Oil,35,1.565191923817720,0.2830811056175610,-8.931771085593710,60.09668234886980
Olive Oil,10,1.302827070532140,0.1433550131852780,-9.365518242938340,39.21986069137840
Olive Oil,30,1.504009192628280,0.2560890535625460,-8.368966595456640,44.25219141122820
Palm Oil,30,1.520778735228730,0.2553050257416790,-8.082089465637570,59.2265571505198
Soy Refined Oil,50,1.684771404911490,0.3462546774061270,-7.660992183229630,70.54401854852700
Palm Oil,15,1.314376831710690,0.1526953198087550,-9.136657875752700,39.19221126834690
Olive Oil,50,1.690673920451100,0.3348704323339970,-7.344570904602600,62.10662399048510
Olive Oil,25,1.464398490135460,0.2115001395348500,-7.51789377950039,51.63382238830750
Olive Oil,45,1.700288772732350,0.3332409845666260,-7.19582245824368,70.02385260946880
Olive Oil,20,1.390165243024190,0.195144659613605,-8.93797744078664,42.87057734549260
Palm Oil,30,1.501914716677330,0.2440667511037010,-8.769230730311270,58.96464884647760
Palm Oil,45,1.618969755018820,0.3316205183475850,-7.155701588456500,75.24681070693190
Soy Refined Oil,25,1.456406038660970,0.2316475027195310,-8.257884278769030,44.51177675210260
Olive Oil,45,1.662554095149630,0.3385890151473950,-7.737565757991850,61.90617946394490
Palm Oil,30,1.519635618939120,0.2335407615355400,-7.955495337726780,50.50606190736270
Olive Oil,50,1.721348339060650,0.3555369992525680,-7.516520456036640,80.30479718231260
Palm Oil,5,1.253989705988860,0.1241905179375620,-9.710548584427720,31.69313892626610
Soy Refined Oil,15,1.333096920831480,0.1805338898307440,-9.266962612963960,34.02622020918330
Olive Oil,5,1.263298580398120,0.117350282466214,-9.523973120957890,32.58906119592740
Soy Refined Oil,45,1.670507731290880,0.3204008567286430,-7.309207507805720,65.92939639033280
Palm Oil,15,1.316693818426450,0.172084786890825,-9.358202210479930,43.35103145619160
Soy Refined Oil,10,1.299015901676530,0.1548908387815070,-9.424564064362270,39.90153421200770
Palm Oil,40,1.616689854414090,0.2816146687751030,-6.800750696653390,75.37051946243010
Palm Oil,15,1.356966834784920,0.1660216993357440,-9.493852686474370,47.37166502385120
Palm Oil,10,1.339456215094360,0.1541517660232310,-8.983054605465810,45.33535817521660
Soy Refined Oil,30,1.494784603074880,0.2376143681096530,-9.073967909104690,54.16800658322000
Soy Refined Oil,5,1.260016631820080,0.1162152619865790,-9.37877054320369,30.81206228962020
Soy Refined Oil,45,1.652541854976860,0.3258697021757540,-6.988237343885480,59.16776186552970
Soy Refined Oil,35,1.552704930807030,0.2672331713990090,-8.307568301745650,53.44161769599060
Soy Refined Oil,5,1.240420279058490,0.1479321100569930,-9.936243060752680,37.06116343395550
Palm Oil,10,1.280820475129310,0.1587291834733330,-8.775073240113330,30.86938815619410
Palm Oil,5,1.239247084844400,0.1315540382985020,-10.28509578144720,42.5952030642091
Olive Oil,50,1.695114381204470,0.3543429607599540,-7.843168423467410,65.78299225771480
Olive Oil,5,1.279042353983650,0.1251414926496580,-10.04820570398440,32.50409113786280
Palm Oil,15,1.336884725145890,0.166883188996754,-9.350260265626490,37.93774274879560
Soy Refined Oil,20,1.376262375408120,0.1970159372807620,-9.169342162049300,45.13927863145760
Palm Oil,10,1.283951456111540,0.1394049456415460,-9.866263841913640,37.85858675646440
Olive Oil,40,1.59080686455454,0.2892015755221850,-8.306793802681400,62.9812047033336
Olive Oil,30,1.502857020259840,0.2501001792349940,-7.82730937618614,53.45797603562610
Palm Oil,30,1.508435601485020,0.263101919080809,-8.607980260175120,58.68738746253460
Olive Oil,35,1.543967957327140,0.2758114251895540,-8.919264835388080,62.31609489508710
Olive Oil,10,1.279448044971750,0.1451410517587460,-9.052480409680620,39.42911745201990
Soy Refined Oil,45,1.662282585589010,0.316308060214484,-8.363035296408150,72.43241032322240
Soy Refined Oil,35,1.55307860386198,0.2801903607804960,-7.740895207723650,44.90350525249540
Olive Oil,50,1.716655980070910,0.3584673757753130,-8.077544545219660,67.90048498566210
Palm Oil,50,1.721921398149550,0.3542532130833010,-8.272468673338380,67.30347492768370
Palm Oil,5,1.236934080442810,0.1256025767733250,-9.893861486973020,34.65133309434510
Olive Oil,35,1.491977224363650,0.2786649866588690,-8.449460514608320,54.47531042884200
Olive Oil,10,1.334971518281170,0.1460926808559180,-9.616756228792450,51.19087628310300
Olive Oil,5,1.21766573250104,0.1227061766814450,-9.874307926883340,37.13306818631540
Olive Oil,50,1.744310892324100,0.3555673583883590,-8.03748231386291,70.62273401011930
Soy Refined Oil,40,1.604921672306330,0.2919771997286050,-7.259019615781730,60.58390980527380
Soy Refined Oil,45,1.643530411562470,0.3134158682742720,-7.651175348550250,68.00345918542850
Olive Oil,15,1.332876603186770,0.1753556607403300,-8.923846924194890,33.84332444791460
Soy Refined Oil,10,1.274839506095420,0.1573160110215840,-9.034365202002210,41.65954953086180
Soy Refined Oil,10,1.300433841110530,0.1405362201264220,-9.534263622428760,36.25067080502100
Soy Refined Oil,30,1.517950871406080,0.2613021977183750,-8.837171476785960,50.28056967337210
Olive Oil,50,1.695923537497590,0.356470983933058,-7.344826862577710,66.96129929916970
Soy Refined Oil,10,1.294530113989390,0.1606394344622810,-9.344251965655780,33.57168869171890
Olive Oil,45,1.630756021013570,0.3282533929597500,-7.718073417485890,60.30809305722130
Palm Oil,5,1.237832984706410,0.1309253030731780,-9.545181940658000,35.78486379633460
Palm Oil,25,1.452528256588670,0.2132238899218820,-7.813447787687610,54.8903593364855
Palm Oil,15,1.36445653789971,0.1761179915820340,-8.746421399701670,44.58997388195730
Palm Oil,20,1.359339985286600,0.2211234970948580,-9.39494215458346,45.99047183505620
Olive Oil,45,1.681853399965660,0.3251934407081180,-8.34448170976748,65.75059922935940
Palm Oil,5,1.252694149362060,0.1238149127828510,-10.29203524245210,35.7886138473612
Soy Refined Oil,15,1.334182364166110,0.1753400809622820,-9.932510897713320,45.50747390962360
Soy Refined Oil,30,1.438006589544340,0.2512865294795420,-8.777036863617000,55.91065252198320
Olive Oil,20,1.382634780768030,0.2009781329309330,-8.448033226649050,44.71859587874210
Soy Refined Oil,45,1.661693665638360,0.3212977440813370,-7.554111738826530,62.69569618886570
Olive Oil,10,1.288182252751380,0.152882291303453,-9.961736208420920,32.20502699738000
Olive Oil,40,1.59061651601076,0.3123424781542750,-8.27351212550483,61.5069117817972
Soy Refined Oil,15,1.359936250142720,0.1665901860101350,-9.452122799598610,43.32731329747860
Palm Oil,5,1.262911754243480,0.1251938123769800,-10.91015779911520,37.91314913158260
Soy Refined Oil,25,1.384499787321730,0.2168207290641450,-8.145658994582350,49.83117609301170
Soy Refined Oil,40,1.566186567447870,0.290215004541334,-6.622391128140050,60.47194692923100
Soy Refined Oil,30,1.498662181168110,0.2645465647882920,-8.866634341902090,52.45249618998100
Olive Oil,40,1.597707183289870,0.3026426827164560,-8.075058475626900,55.67996916026320
Soy Refined Oil,5,1.248962622724600,0.1236366915753430,-8.675223368133600,43.1674228858849
Soy Refined Oil,5,1.226050386277890,0.1370532673230480,-10.16661093272640,31.07062086526030
Olive Oil,40,1.61906003185532,0.2907570754114410,-7.887822221128440,59.10463449540300
Olive Oil,15,1.313215788943080,0.1740782250001760,-9.192255858430210,42.28887003353040
Palm Oil,10,1.278675665579130,0.1737900901340210,-9.222846344521200,42.81208204141540
Soy Refined Oil,50,1.6738630028509,0.3470117961257430,-7.989079672262780,65.4094241378274
Olive Oil,40,1.590651425724830,0.2967015942339170,-7.889763839613660,57.018639518649
Soy Refined Oil,45,1.647884192242970,0.3245942812718990,-9.273888656196800,63.88082289050310
Olive Oil,50,1.671466482095590,0.3513441252790230,-7.629987994334120,65.6534772939623
Soy Refined Oil,5,1.251010726855860,0.1398980263157140,-10.15524429118670,31.67670273897730
Soy Refined Oil,25,1.455698661393700,0.2227567868816740,-9.05215914063742,45.05907038382100
Soy Refined Oil,20,1.413711794925970,0.1985835141398990,-8.416814727165370,48.65487830982050
Soy Refined Oil,40,1.606427526381630,0.2952146169957710,-7.740468888197540,57.11262681530630
Soy Refined Oil,25,1.450851406827580,0.2428742085546640,-9.266172419188800,53.12649096116500
Olive Oil,15,1.348347070639470,0.1959975839832660,-8.975514041469270,43.62344290817540
Olive Oil,40,1.603818330482870,0.2996366939195770,-7.926532350806660,59.38934214990000
Palm Oil,10,1.303690906046790,0.1598455529096420,-8.89118320513364,33.40523390420590
Palm Oil,5,1.230047162024050,0.1249771906524090,-10.44708717587350,31.02563319416880
Olive Oil,30,1.48510878919214,0.2458562733829480,-8.277447872583650,50.00539672040620
Olive Oil,10,1.280890270054580,0.1536933102115610,-9.439476525059660,40.48290835274960
Soy Refined Oil,35,1.55107081261231,0.2847160956325140,-7.816791207272720,54.1533270795435
Olive Oil,10,1.32071473014859,0.1433884331534590,-9.14591777259988,39.65573254593850
Palm Oil,40,1.594019900758350,0.2949083223007500,-6.653620918738140,66.13580155932610
Olive Oil,45,1.637883510423650,0.3372822842549850,-7.117765754660950,64.08754920543580
Soy Refined Oil,25,1.439634947222780,0.2382527609043700,-8.336442285717120,50.78987156125730
Soy Refined Oil,50,1.679732639848170,0.3316445358921170,-6.697746209917300,64.71198899607540
Soy Refined Oil,10,1.333274656642870,0.1530524312653140,-9.206304150096990,45.07093644165550
Palm Oil,50,1.719118749515290,0.3513865262547290,-7.98818982426004,63.96793483020480
Olive Oil,20,1.442900728415370,0.2089467714243810,-8.515225966555450,48.35676245413870
Palm Oil,50,1.738751086039250,0.3234152356814580,-7.58369566960272,63.17781963878900
Olive Oil,30,1.492292599986980,0.2588086733069410,-7.901103738928810,60.22357288409200
Palm Oil,5,1.261551603606640,0.1380298549871690,-9.214488026819620,35.63644634641710
Soy Refined Oil,40,1.600824740370330,0.3141023251555090,-8.08083161868178,58.95239759153410
Olive Oil,40,1.58294915513882,0.3007288153297090,-7.469037607255960,57.72240397711820
Olive Oil,35,1.52846048907339,0.2853588466155360,-7.644048198447110,63.15716339146150
Olive Oil,30,1.494110884848240,0.2645275554512620,-7.735626074729550,53.59477017639130
Olive Oil,40,1.558554146276550,0.2904807985977080,-7.780465722054920,50.77566613053640
Soy Refined Oil,5,1.249167813780130,0.1350130653707720,-10.20786933519030,39.69818906007020
Palm Oil,5,1.261296847172000,0.1413579780613580,-9.860521231768530,34.34684901329040
Soy Refined Oil,45,1.637140152197620,0.3228731682977910,-8.547692450087870,55.8045224337814
Palm Oil,5,1.272772341429080,0.1134900943598940,-9.927473115103490,36.51145612691190
Palm Oil,30,1.48922330307952,0.2340220384810040,-7.767211807817640,51.61085811312970
Palm Oil,40,1.606175164086230,0.2929140873306180,-7.420117519024110,64.56839587512430
Soy Refined Oil,30,1.533645246885140,0.2426993778074690,-8.292372085816130,51.35685254199910
Olive Oil,50,1.65790500988562,0.3704217791053470,-7.4223375004003,71.99073632561270
Palm Oil,40,1.601836715165370,0.3089639008734860,-8.681678128940120,65.62939110276860
Soy Refined Oil,40,1.625761514497050,0.3001450899926270,-8.618067898015230,68.2716918037867
Olive Oil,45,1.654649732368390,0.3340149653314270,-7.984622918831330,66.14933461628910
Soy Refined Oil,35,1.551253187325090,0.2924639163781590,-8.382692699552390,64.03911017310220
Palm Oil,20,1.416561176297870,0.2107108050040280,-10.03724317550820,45.88982567997870
Soy Refined Oil,50,1.734638493646450,0.3288299194779370,-7.311911224358130,76.708747418758
Palm Oil,15,1.34131976374866,0.1752068850786660,-10.08592830656820,38.40784333690150
Olive Oil,35,1.524592410575830,0.27061066027656,-9.20103482427322,51.75055344380480
Palm Oil,35,1.550627917310660,0.2910757830639950,-8.260280278675250,59.44591836559360
Soy Refined Oil,10,1.291255851061040,0.1337421840192480,-9.886207495505290,42.44770615584510
Olive Oil,20,1.404016901862310,0.2010079107264480,-8.97935627220628,51.18579449329120
Olive Oil,20,1.380128209688120,0.2013592456721840,-8.957766606805030,40.6537275312246
Olive Oil,30,1.501728603781750,0.245758961844159,-8.254042230924310,54.20562534320940
Palm Oil,30,1.489078040487660,0.2512599894749500,-7.233806199880830,53.8955186169763
Olive Oil,45,1.63144012500663,0.3326146576498440,-7.397672956500330,67.75712387470990
Soy Refined Oil,50,1.737920749903080,0.3487584079253320,-7.697594916515530,74.850185368319
Olive Oil,5,1.264122570982190,0.1369074611602530,-9.5083375863736,39.30597138138290
Soy Refined Oil,45,1.658004717110540,0.3270165290512930,-8.264986137388470,66.23039610816580
Olive Oil,25,1.465938108827540,0.2389634149316090,-9.330905538180720,41.35248800183680
Soy Refined Oil,30,1.493447237518640,0.2445140456333080,-7.871611560819550,53.85820535371310
Palm Oil,5,1.218351440519530,0.1331683701143100,-10.44029935294980,31.81922279246260
Palm Oil,25,1.445853224549340,0.2341501992492000,-8.710084604058510,44.17601492459880
Palm Oil,35,1.548990739051940,0.2667049244111800,-7.955749606869400,61.33436172537900
Palm Oil,35,1.562311418429910,0.2728015629622080,-8.073288738097220,56.61432265379890
Olive Oil,35,1.576967727439760,0.2821203172098840,-8.15743748284299,50.74689173323600
Olive Oil,35,1.539937915511570,0.2976323283908550,-8.205646880477620,59.15764951901440
Palm Oil,5,1.268521524672800,0.1340368564179300,-9.860532768305160,30.69679308557950
Palm Oil,10,1.291600120457470,0.1470791552453140,-10.04888640899210,34.58580269074220
Palm Oil,35,1.549980932574940,0.2860745693066900,-8.182445966432970,56.61891001999790
Olive Oil,30,1.499215270526030,0.2324521125787760,-8.440170347740530,49.81265991936730
Soy Refined Oil,30,1.496317083686340,0.2386982127051530,-8.363494641252810,43.62679981226820